module,trial,item_num,timestamp,x,y
identification,0,0,0,758.4000000000001,74.52000000000001
identification,0,0,11,721.92,79.92
identification,0,0,44,702.72,87.48
identification,0,0,78,710.4,111.24
identification,0,0,110,869.76,378.0
identification,0,0,160,1292.16,343.44
identification,0,0,193,1501.44,272.16
identification,0,0,227,1658.88,165.24
identification,0,0,293,1390.08,413.64
identification,0,0,327,1317.12,460.08
identification,0,0,379,1196.16,851.0400000000001
identification,0,0,412,1040.64,1001.16
identification,0,0,444,858.24,1123.2
identification,0,0,478,806.4,1122.12
identification,0,0,511,785.28,916.92
identification,0,0,560,743.04,1121.04
identification,0,0,593,714.24,1122.12
identification,0,0,627,700.8,1122.12
identification,0,0,660,677.76,1122.12
identification,0,0,694,675.8399999999999,1121.04
identification,0,0,745,679.68,1121.04
identification,0,0,778,672.0,1123.2
identification,0,0,811,648.96,1123.2
identification,0,0,844,637.44,1123.2
identification,0,0,878,647.0400000000001,1124.28
identification,0,0,927,639.36,1124.28
identification,0,0,961,631.6800000000001,1124.28
identification,0,0,994,622.08,1125.36
identification,0,0,1027,641.2800000000001,1124.28
identification,0,0,1061,658.5600000000001,1124.28
identification,0,0,1094,827.52,1124.28
identification,0,0,1145,1453.44,1041.12
identification,0,0,1178,1704.96,406.08
identification,0,0,1212,1789.44,389.88
identification,0,0,1245,1395.84,588.6
identification,0,0,1294,1130.88,644.76
identification,0,0,1328,1105.9199999999998,655.56
identification,0,0,1361,1090.56,658.8
identification,0,0,1394,1061.76,641.52
identification,0,0,1428,1052.16,621.0
identification,0,0,1461,1090.56,609.1199999999999
identification,0,0,1496,1267.2,762.4799999999999
identification,0,0,1547,1363.1999999999998,954.72
identification,0,0,1578,1405.44,1029.24
identification,0,0,1612,1393.92,1069.2
identification,0,0,1645,1355.52,1057.32
identification,0,0,1678,1313.2800000000002,1013.04
identification,0,0,1728,1176.96,879.1199999999999
identification,0,0,1761,1169.28,847.8000000000001
identification,0,0,1794,1167.36,827.28
identification,0,0,1828,1157.76,786.24
identification,0,0,1861,1159.68,766.8
identification,0,0,1912,1157.76,756.0
identification,0,0,1945,1155.84,744.1199999999999
identification,0,0,1979,1155.84,731.1600000000001
identification,0,0,2013,1157.76,723.6
identification,0,0,2046,1153.92,713.88
identification,0,0,2079,1146.24,696.6
identification,0,0,2128,1134.72,680.4
identification,0,0,2163,1119.36,667.4399999999999
identification,0,0,2195,1105.9199999999998,654.48
identification,0,0,2229,1098.24,648.0
identification,0,0,2262,1098.24,641.52
identification,0,0,2312,1102.08,642.6
identification,0,0,2346,1111.6799999999998,641.52
identification,0,0,2379,1121.28,640.4399999999999
identification,0,0,2413,1127.04,637.1999999999999
identification,0,0,2446,1134.72,636.12
identification,0,0,2495,1144.32,639.36
identification,0,0,2529,1152.0,639.36
identification,0,0,2562,1157.76,637.1999999999999
identification,0,0,2596,1163.52,632.88
identification,0,0,2629,1159.68,615.5999999999999
identification,0,0,2663,1153.92,619.92
identification,0,0,2713,1152.0,622.0799999999999
identification,0,0,2746,1152.0,623.16
identification,0,0,2780,1153.92,624.24
identification,0,0,2814,1152.0,628.56
identification,0,0,2847,1152.0,632.88
identification,0,0,2895,1152.0,635.04
identification,0,0,2929,1152.0,636.12
identification,0,0,2962,1150.08,636.12
identification,0,0,2996,1140.48,633.9599999999999
identification,0,0,3029,1130.88,630.7199999999999
identification,0,0,3081,1117.4399999999998,627.4799999999999
identification,0,0,3114,1096.32,624.24
identification,0,0,3147,1086.7199999999998,623.16
identification,0,0,3180,1077.12,626.4
identification,0,0,3214,1067.52,627.4799999999999
identification,0,0,3248,1061.76,628.56
identification,0,0,3296,1054.0800000000002,630.7199999999999
identification,0,0,3329,1046.4,632.88
identification,0,0,3363,1040.64,633.9599999999999
identification,0,0,3396,1036.8000000000002,635.04
identification,0,0,3430,1034.88,638.28
identification,0,0,3480,1034.88,642.6
identification,0,0,3514,1036.8000000000002,650.16
identification,0,0,3547,1038.72,659.88
identification,0,0,3581,1038.72,680.4
identification,0,0,3614,1040.64,693.36
identification,0,0,3663,1048.3200000000002,691.2
identification,0,0,3697,1061.76,684.72
identification,0,0,3730,1075.2,683.64
identification,0,0,3763,1084.8,682.5600000000001
identification,0,0,3797,1092.48,684.72
identification,0,0,3830,1100.16,686.88
identification,0,0,3881,1084.8,695.52
identification,0,0,3914,1088.64,714.96
identification,0,0,3948,1092.48,720.36
identification,0,0,3982,1092.48,721.44
identification,0,0,4014,1086.7199999999998,723.6
identification,0,0,4063,1079.0400000000002,723.6
identification,0,0,4097,1067.52,722.5200000000001
identification,0,0,4130,1054.0800000000002,717.12
identification,0,0,4164,1040.64,714.96
identification,0,0,4197,1004.16,723.6
identification,0,0,4249,994.56,721.44
identification,0,0,4282,984.96,719.2800000000001
identification,0,0,4315,986.88,709.5600000000001
identification,0,0,4348,1038.72,680.4
identification,0,0,4381,1057.92,667.4399999999999
identification,0,0,4415,1175.04,572.4
identification,0,0,4464,1165.44,601.5600000000001
identification,0,0,4498,1148.16,616.68
identification,0,0,4531,1130.88,636.12
identification,0,0,4564,1117.4399999999998,650.16
identification,0,0,4598,1077.12,696.6
identification,0,0,4648,1054.0800000000002,720.36
identification,0,0,4682,1038.72,736.5600000000001
identification,1,1,0,1004.16,846.72
identification,1,1,0,1006.08,831.6
identification,1,1,49,1008.0,828.36
identification,1,1,82,1006.08,826.2
identification,1,1,116,1006.08,826.2
identification,1,1,148,1004.16,830.52
identification,1,1,182,1000.32,832.6800000000001
identification,1,1,231,998.4,833.76
identification,1,1,265,996.48,833.76
identification,1,1,298,967.68,815.4
identification,1,1,331,775.6800000000001,603.72
identification,1,1,366,756.48,569.1600000000001
identification,1,1,415,750.72,555.12
identification,1,1,449,746.88,548.64
identification,1,1,483,743.04,544.32
identification,1,1,516,725.76,538.92
identification,1,1,551,700.8,531.36
identification,1,1,583,670.0799999999999,520.56
identification,1,1,632,654.72,519.48
identification,1,1,665,656.6400000000001,515.16
identification,1,1,699,998.4,523.8
identification,1,1,732,1027.2,523.8
identification,1,1,765,1036.8000000000002,525.96
identification,1,1,818,1044.48,529.2
identification,1,1,849,1050.24,533.52
identification,1,1,882,1063.68,544.32
identification,1,1,916,1104.0,555.12
identification,1,1,950,1123.1999999999998,561.6
identification,1,1,983,1132.8,570.24
identification,1,1,1032,1136.64,578.88
identification,1,1,1066,1144.32,583.2
identification,1,1,1099,1150.08,586.44
identification,1,1,1132,1155.84,589.6800000000001
identification,1,1,1166,1157.76,591.84
identification,1,1,1216,1157.76,589.6800000000001
identification,1,1,1250,833.28,529.2
identification,1,1,1284,779.5200000000001,519.48
identification,1,1,1317,744.96,513.0
identification,1,1,1350,731.52,508.68
identification,1,1,1400,693.12,489.24
identification,1,1,1433,672.0,476.28
identification,1,1,1466,654.72,470.88
identification,1,1,1500,641.2800000000001,467.64
identification,1,1,1533,620.16,465.48
identification,1,1,1584,612.48,466.56
identification,1,1,1617,610.5600000000001,477.36
identification,1,1,1650,614.4,474.12
identification,1,1,1683,616.32,469.8
identification,1,1,1717,618.24,470.88
identification,1,1,1751,622.08,470.88
identification,1,1,1799,647.0400000000001,474.12
identification,1,1,1833,685.4399999999999,476.28
identification,1,1,1866,833.28,490.32
identification,1,1,1900,885.12,498.96
identification,1,1,1933,898.5600000000001,504.36
identification,1,1,1985,908.16,507.6
identification,1,1,2017,919.68,513.0
identification,1,1,2051,929.28,511.92
identification,1,1,2084,940.8,510.84
identification,1,1,2117,1002.24,522.72
identification,1,1,2151,1069.44,530.28
identification,1,1,2200,1140.48,537.84
identification,1,1,2233,1150.08,538.92
identification,1,1,2267,1159.68,547.5600000000001
identification,1,1,2300,1182.72,600.48
identification,1,1,2352,1188.48,623.16
identification,1,1,2385,1190.4,633.9599999999999
identification,1,1,2417,1194.24,644.76
identification,1,1,2451,1200.0,663.12
identification,1,1,2485,1203.84,668.52
identification,1,1,2518,1209.6,683.64
identification,1,1,2567,1219.2,697.6800000000001
identification,1,1,2601,1232.64,711.72
identification,1,1,2634,1246.08,716.0400000000001
identification,1,1,2668,1259.52,722.5200000000001
identification,1,1,2701,1267.2,723.6
identification,1,1,2752,1271.04,724.6800000000001
identification,1,1,2785,981.12,681.48
identification,1,1,2819,754.5600000000001,671.76
identification,1,1,2852,731.52,670.68
identification,1,1,2885,721.92,667.4399999999999
identification,1,1,2919,720.0,669.6
identification,1,1,2968,718.08,670.68
identification,1,1,3001,687.36,642.6
identification,1,1,3034,585.6,541.08
identification,1,1,3068,558.7199999999999,515.16
identification,1,1,3103,524.1600000000001,477.36
identification,1,1,3152,510.72,467.64
identification,1,1,3186,503.04,456.84
identification,1,1,3218,497.28,451.44
identification,1,1,3252,495.36,448.2
identification,1,1,3286,495.36,443.88
identification,1,1,3319,493.44,440.64
identification,1,1,3367,539.5200000000001,436.3200000000001
identification,1,1,3401,840.96,408.24
identification,1,1,3435,858.24,403.92
identification,1,1,3468,865.9200000000001,402.84
identification,1,1,3518,871.6800000000001,402.84
identification,1,1,3552,869.76,402.84
identification,1,1,3586,860.16,399.6
identification,1,1,3619,848.64,398.52
identification,1,1,3653,833.28,396.36
identification,1,1,3685,817.92,394.2
identification,1,1,3735,817.92,393.12
identification,1,1,3768,854.4,401.76
identification,1,1,3803,875.52,407.16
identification,1,1,3835,887.0400000000001,408.24
identification,1,1,3869,896.6400000000001,407.16
identification,1,1,3919,919.68,411.48
identification,1,1,3952,1011.84,425.52
identification,1,1,3985,1042.5600000000002,429.84
identification,1,1,4019,1056.0,429.84
identification,1,1,4053,1067.52,430.92
identification,1,1,4086,1119.36,438.48
identification,1,1,4135,1175.04,450.36
identification,1,1,4170,1198.08,452.52
identification,1,1,4202,1223.04,451.44
identification,1,1,4235,1265.28,454.68
identification,1,1,4269,1267.2,455.76
identification,1,1,4320,1272.96,453.6
identification,1,1,4353,1278.72,451.44
identification,1,1,4387,1284.48,449.28
identification,1,1,4420,1284.48,447.12
identification,1,1,4453,1230.72,441.72
identification,1,1,4487,1211.52,437.4
identification,1,1,4536,1198.08,435.24
identification,1,1,4569,1188.48,433.08
identification,1,1,4602,1180.8,432.0
identification,1,1,4636,1176.96,430.92
identification,1,1,4686,1171.2,430.92
identification,2,2,0,812.16,433.08
identification,2,2,2,814.0799999999999,430.92
identification,2,2,35,812.16,429.84
identification,2,2,85,812.16,429.84
identification,2,2,122,812.16,429.84
identification,2,2,186,881.2800000000001,435.24
identification,2,2,219,1050.24,452.52
identification,2,2,253,1054.0800000000002,457.92
identification,2,2,302,1050.24,503.28
identification,2,2,336,1057.92,578.88
identification,2,2,369,1059.84,627.4799999999999
identification,2,2,402,1057.92,633.9599999999999
identification,2,2,436,1061.76,644.76
identification,2,2,488,1063.68,653.4
identification,2,2,520,1065.6,660.96
identification,2,2,553,1063.68,667.4399999999999
identification,2,2,587,1063.68,669.6
identification,2,2,620,1065.6,671.76
identification,2,2,654,1065.6,671.76
identification,2,2,703,1059.84,672.84
identification,2,2,736,1080.9599999999998,734.4000000000001
identification,2,2,769,1217.28,1010.88
identification,2,2,803,1259.52,1020.6
identification,2,2,853,1267.2,1026.0
identification,2,2,887,1272.96,1040.04
identification,2,2,920,1320.9599999999998,1087.56
identification,2,2,954,1376.64,1124.28
identification,2,2,987,1363.1999999999998,1124.28
identification,2,2,1020,1342.08,1122.12
identification,2,2,1054,1313.2800000000002,1119.9599999999998
identification,2,2,1103,1230.72,1033.56
identification,2,2,1137,1201.92,956.88
identification,2,2,1170,1194.24,937.44
identification,2,2,1203,1186.56,925.56
identification,2,2,1254,1186.56,915.84
identification,2,2,1287,1221.12,946.08
identification,2,2,1321,1359.36,1054.08
identification,2,2,1354,1399.68,1118.88
identification,2,2,1387,1399.68,1121.04
identification,2,2,1421,1395.84,1123.2
identification,2,2,1470,1338.24,1115.64
identification,2,2,1503,1223.04,1037.88
identification,2,2,1537,1207.68,1004.4
identification,2,2,1570,1186.56,976.32
identification,2,2,1604,1176.96,962.28
identification,2,2,1655,1178.88,959.04
identification,2,2,1688,1159.68,934.2
identification,2,2,1721,1161.6,921.24
identification,2,2,1755,1163.52,918.0
identification,2,2,1788,1180.8,903.96
identification,2,2,1821,1176.96,907.2
identification,2,2,1871,1163.52,885.5999999999999
identification,2,2,1904,1167.36,872.6400000000001
identification,2,2,1937,1163.52,864.0
identification,2,2,1971,1155.84,858.6
identification,2,2,2021,1155.84,852.12
identification,2,2,2055,1159.68,857.5200000000001
identification,2,2,2089,1161.6,847.8000000000001
identification,2,2,2122,1161.6,834.84
identification,2,2,2155,1159.68,830.52
identification,2,2,2188,1157.76,824.04
identification,2,2,2222,1157.76,816.48
identification,2,2,2271,1159.68,805.68
identification,2,2,2304,1161.6,799.2
identification,2,2,2338,1161.6,791.64
identification,2,2,2371,1161.6,785.16
identification,2,2,2421,1161.6,784.0799999999999
identification,2,2,2455,1159.68,775.4399999999999
identification,2,2,2488,1161.6,770.04
identification,2,2,2522,1167.36,761.4
identification,2,2,2555,1171.2,756.0
identification,2,2,2589,1173.12,749.52
identification,2,2,2638,1175.04,741.96
identification,2,2,2671,1173.12,734.4000000000001
identification,2,2,2705,1175.04,730.08
identification,2,2,2738,1175.04,722.5200000000001
identification,2,2,2771,1175.04,716.0400000000001
identification,2,2,2823,1175.04,710.64
identification,2,2,2855,1176.96,697.6800000000001
identification,2,2,2891,1173.12,673.92
identification,2,2,2957,1176.96,625.3199999999999
identification,2,2,2990,1176.96,599.4000000000001
identification,2,2,3038,1176.96,537.84
identification,2,2,3073,1173.12,524.88
identification,2,2,3105,1173.12,518.4
identification,2,2,3139,1173.12,514.0799999999999
identification,2,2,3189,1171.2,509.76
identification,2,2,3223,1163.52,504.36
identification,2,2,3256,1155.84,491.4
identification,2,2,3290,1150.08,488.16
identification,2,2,3322,1142.4,486.0
identification,2,2,3356,1144.32,491.4
identification,2,2,3405,1161.6,532.4399999999999
identification,2,2,3440,1165.44,549.72
identification,2,2,3472,1165.44,562.6800000000001
identification,2,2,3506,1182.72,676.08
identification,2,2,3540,1175.04,687.96
identification,2,2,3589,1167.36,697.6800000000001
identification,2,2,3623,1155.84,702.0
identification,2,2,3656,1146.24,700.9200000000001
identification,2,2,3690,1142.4,700.9200000000001
identification,2,2,3723,1138.56,700.9200000000001
identification,2,2,3756,1132.8,699.84
identification,2,2,3790,1130.88,697.6800000000001
identification,2,2,3839,1128.96,694.44
identification,2,2,3873,1127.04,691.2
identification,2,2,3906,1128.96,690.12
identification,2,2,3956,1128.96,692.28
identification,2,2,3990,1127.04,692.28
identification,2,2,4024,1125.12,690.12
identification,2,2,4057,1127.04,690.12
identification,2,2,4090,1128.96,685.8
identification,2,2,4124,1134.72,679.32
identification,2,2,4157,1140.48,675.0
identification,2,2,4190,1144.32,668.52
identification,2,2,4239,1146.24,665.28
identification,2,2,4273,1144.32,659.88
identification,2,2,4306,1146.24,656.64
identification,2,2,4356,1148.16,652.3199999999999
identification,2,2,4391,1150.08,650.16
identification,2,2,4424,1150.08,648.0
identification,2,2,4457,1152.0,641.52
identification,2,2,4490,1148.16,639.36
identification,2,2,4524,1144.32,641.52
identification,2,2,4557,1140.48,635.04
identification,2,2,4608,1159.68,664.2
identification,2,2,4640,1342.08,906.12
identification,2,2,4673,1357.4399999999998,956.88
identification,3,3,0,1136.64,918.0
identification,3,3,6,1113.6,860.76
identification,3,3,40,1098.24,807.84
identification,3,3,73,1096.32,765.7199999999999
identification,3,3,123,1102.08,722.5200000000001
identification,3,3,156,1115.52,708.48
identification,3,3,190,1125.12,700.9200000000001
identification,3,3,224,1123.1999999999998,691.2
identification,3,3,257,1111.6799999999998,633.9599999999999
identification,3,3,291,1102.08,586.44
identification,3,3,324,1057.92,506.52
identification,3,3,373,1063.68,492.48
identification,3,3,406,1094.4,480.6
identification,3,3,440,1111.6799999999998,471.96
identification,3,3,473,1125.12,467.64
identification,3,3,523,1134.72,463.32
identification,3,3,557,1148.16,462.24
identification,3,3,590,1188.48,444.96
identification,3,3,624,1207.68,442.8
identification,3,3,657,1215.36,440.64
identification,3,3,690,1224.96,438.48
identification,3,3,724,1230.72,436.3200000000001
identification,3,3,773,1240.32,456.84
identification,3,3,806,1340.16,574.5600000000001
identification,3,3,840,1349.76,596.1600000000001
identification,3,3,874,1345.9199999999998,610.1999999999999
identification,3,3,924,1332.48,626.4
identification,3,3,958,1322.88,656.64
identification,3,3,991,1309.44,662.04
identification,3,3,1024,1297.92,665.28
identification,3,3,1058,1292.16,668.52
identification,3,3,1091,1288.3200000000002,672.84
identification,3,3,1125,1284.48,677.16
identification,3,3,1174,1296.0,695.52
identification,3,3,1207,1299.84,708.48
identification,3,3,1241,1299.84,717.12
identification,3,3,1291,1296.0,730.08
identification,3,3,1324,1282.5600000000002,738.72
identification,3,3,1358,1249.92,732.24
identification,3,3,1391,1232.64,733.32
identification,3,3,1426,1224.96,731.1600000000001
identification,3,3,1458,1219.2,730.08
identification,3,3,1492,1211.52,731.1600000000001
identification,3,3,1525,1205.76,731.1600000000001
identification,3,3,1574,1198.08,730.08
identification,3,3,1608,1188.48,729.0
identification,3,3,1641,1178.88,727.9200000000001
identification,3,3,1691,1142.4,718.2
identification,3,3,1725,1128.96,711.72
identification,3,3,1758,1125.12,711.72
identification,3,3,1792,1123.1999999999998,712.8000000000001
identification,3,3,1825,1119.36,712.8000000000001
identification,3,3,1859,1117.4399999999998,713.88
identification,3,3,1892,1117.4399999999998,713.88
identification,3,3,1941,1117.4399999999998,716.0400000000001
identification,3,3,1975,1119.36,717.12
identification,3,3,2008,1121.28,721.44
identification,3,3,2042,1123.1999999999998,723.6
identification,3,3,2092,1119.36,723.6
identification,3,3,2125,1111.6799999999998,722.5200000000001
identification,3,3,2160,1105.9199999999998,721.44
identification,3,3,2193,1098.24,720.36
identification,3,3,2226,1092.48,718.2
identification,3,3,2259,1088.64,718.2
identification,3,3,2293,1088.64,719.2800000000001
identification,3,3,2341,1090.56,717.12
identification,3,3,2375,1092.48,717.12
identification,3,3,2409,1096.32,717.12
identification,3,3,2460,1100.16,716.0400000000001
identification,3,3,2492,1115.52,718.2
identification,3,3,2526,1125.12,717.12
identification,3,3,2559,1130.88,714.96
identification,3,3,2592,1136.64,713.88
identification,3,3,2626,1144.32,713.88
identification,3,3,2660,1152.0,712.8000000000001
identification,3,3,2693,1157.76,713.88
identification,3,3,2742,1165.44,717.12
identification,3,3,2775,1171.2,718.2
identification,3,3,2809,1175.04,720.36
identification,3,3,2859,1178.88,721.44
identification,3,3,2892,1180.8,723.6
identification,3,3,2926,1186.56,727.9200000000001
identification,3,3,2959,1190.4,730.08
identification,3,3,2993,1192.32,732.24
identification,3,3,3027,1192.32,734.4000000000001
identification,3,3,3060,1192.32,734.4000000000001
identification,3,3,3109,1194.24,736.5600000000001
identification,3,3,3142,1196.16,738.72
identification,3,3,3176,1196.16,739.8000000000001
identification,3,3,3209,1198.08,737.6400000000001
identification,3,3,3259,1200.0,737.6400000000001
identification,3,3,3293,1201.92,736.5600000000001
identification,3,3,3327,1203.84,736.5600000000001
identification,3,3,3360,1205.76,735.48
identification,3,3,3394,1205.76,735.48
identification,3,3,3426,1207.68,734.4000000000001
identification,3,3,3460,1207.68,734.4000000000001
identification,3,3,3512,1209.6,733.32
identification,3,3,3543,1211.52,734.4000000000001
identification,3,3,3578,1211.52,734.4000000000001
identification,3,3,3626,1213.44,735.48
identification,3,3,3660,1211.52,735.48
identification,3,3,3693,1209.6,735.48
identification,3,3,3727,1205.76,735.48
identification,3,3,3760,1201.92,736.5600000000001
identification,3,3,3794,1198.08,736.5600000000001
identification,3,3,3827,1194.24,737.6400000000001
identification,3,3,3860,1190.4,738.72
identification,3,3,3910,1190.4,736.5600000000001
identification,3,3,3943,1190.4,734.4000000000001
identification,3,3,3976,1194.24,727.9200000000001
identification,3,3,4027,1200.0,719.2800000000001
identification,3,3,4060,1203.84,711.72
identification,3,3,4094,1209.6,699.84
identification,3,3,4127,1215.36,690.12
identification,3,3,4160,1221.12,677.16
identification,3,3,4195,1228.8,659.88
identification,3,3,4228,1257.6,611.28
identification,3,3,4261,1263.36,603.72
identification,3,3,4310,1267.2,595.08
identification,3,3,4345,1272.96,579.96
identification,3,3,4377,1276.8000000000002,573.48
identification,3,3,4427,1278.72,570.24
identification,3,3,4461,1280.64,567.0
identification,3,3,4494,1280.64,563.76
identification,3,3,4528,1278.72,560.52
identification,3,3,4561,1280.64,554.04
identification,3,3,4594,1282.5600000000002,548.64
identification,3,3,4628,1282.5600000000002,544.32
identification,3,3,4677,1284.48,541.08
identification,4,4,0,1305.6,548.64
identification,4,4,0,1305.6,550.8
identification,4,4,27,1303.68,552.96
identification,4,4,76,1305.6,555.12
identification,4,4,110,1307.52,558.36
identification,4,4,144,1311.36,559.44
identification,4,4,193,1313.2800000000002,563.76
identification,4,4,227,1315.2,563.76
identification,4,4,261,1317.12,564.84
identification,4,4,294,1320.9599999999998,567.0
identification,4,4,328,1322.88,569.1600000000001
identification,4,4,362,1309.44,568.08
identification,4,4,394,1272.96,563.76
identification,4,4,428,1173.12,559.44
identification,4,4,478,1152.0,570.24
identification,4,4,510,1113.6,581.0400000000001
identification,4,4,545,1107.84,591.84
identification,4,4,594,1105.9199999999998,601.5600000000001
identification,4,4,629,1104.0,609.1199999999999
identification,4,4,661,1102.08,614.52
identification,4,4,694,1102.08,617.76
identification,4,4,728,1109.76,625.3199999999999
identification,4,4,761,1111.6799999999998,628.56
identification,4,4,795,1115.52,630.7199999999999
identification,4,4,844,1117.4399999999998,636.12
identification,4,4,877,1119.36,635.04
identification,4,4,911,1123.1999999999998,630.7199999999999
identification,4,4,961,1123.1999999999998,630.7199999999999
identification,4,4,994,1125.12,633.9599999999999
identification,4,4,1028,1127.04,633.9599999999999
identification,4,4,1062,1130.88,633.9599999999999
identification,4,4,1096,1134.72,632.88
identification,4,4,1128,1134.72,630.7199999999999
identification,4,4,1162,1130.88,627.4799999999999
identification,4,4,1195,1123.1999999999998,621.0
identification,4,4,1244,1115.52,616.68
identification,4,4,1278,1111.6799999999998,614.52
identification,4,4,1311,1109.76,611.28
identification,4,4,1362,1107.84,608.04
identification,4,4,1396,1105.9199999999998,604.8000000000001
identification,4,4,1431,1107.84,602.6400000000001
identification,4,4,1463,1105.9199999999998,600.48
identification,4,4,1496,1105.9199999999998,598.32
identification,4,4,1530,1104.0,597.24
identification,4,4,1563,1105.9199999999998,598.32
identification,4,4,1596,1105.9199999999998,599.4000000000001
identification,4,4,1645,1105.9199999999998,603.72
identification,4,4,1679,1109.76,606.96
identification,4,4,1729,1111.6799999999998,610.1999999999999
identification,4,4,1762,1115.52,611.28
identification,4,4,1795,1121.28,613.4399999999999
identification,4,4,1829,1130.88,613.4399999999999
identification,4,4,1863,1138.56,615.5999999999999
identification,4,4,1896,1148.16,617.76
identification,4,4,1930,1153.92,617.76
identification,4,4,1963,1159.68,616.68
identification,4,4,1996,1167.36,617.76
identification,4,4,2045,1171.2,618.8399999999999
identification,4,4,2079,1178.88,621.0
identification,4,4,2129,1184.64,623.16
identification,4,4,2162,1188.48,624.24
identification,4,4,2196,1192.32,626.4
identification,4,4,2229,1196.16,627.4799999999999
identification,4,4,2263,1200.0,631.8
identification,4,4,2297,1205.76,636.12
identification,4,4,2330,1211.52,637.1999999999999
identification,4,4,2363,1215.36,638.28
identification,4,4,2412,1219.2,636.12
identification,4,4,2446,1219.2,636.12
identification,4,4,2479,1219.2,636.12
identification,4,4,2529,1215.36,633.9599999999999
identification,4,4,2563,1217.28,633.9599999999999
identification,4,4,2596,1205.76,628.56
identification,4,4,2630,1203.84,626.4
identification,4,4,2663,1196.16,624.24
identification,4,4,2697,1188.48,623.16
identification,4,4,2730,1182.72,625.3199999999999
identification,4,4,2764,1176.96,626.4
identification,4,4,2813,1173.12,624.24
identification,4,4,2846,1169.28,624.24
identification,4,4,2896,1165.44,625.3199999999999
identification,4,4,2930,1159.68,625.3199999999999
identification,4,4,2963,1153.92,623.16
identification,4,4,2997,1155.84,619.92
identification,4,4,3030,1152.0,621.0
identification,4,4,3064,1148.16,619.92
identification,4,4,3097,1148.16,618.8399999999999
identification,4,4,3131,1148.16,618.8399999999999
identification,4,4,3164,1146.24,616.68
identification,4,4,3213,1152.0,609.1199999999999
identification,4,4,3246,1153.92,606.96
identification,4,4,3297,1155.84,605.8800000000001
identification,4,4,3330,1155.84,604.8000000000001
identification,4,4,3363,1155.84,604.8000000000001
identification,4,4,3397,1152.0,603.72
identification,4,4,3431,1152.0,603.72
identification,4,4,3465,1153.92,604.8000000000001
identification,4,4,3497,1153.92,606.96
identification,4,4,3531,1153.92,609.1199999999999
identification,4,4,3580,1152.0,610.1999999999999
identification,4,4,3615,1152.0,612.3599999999999
identification,4,4,3647,1152.0,614.52
identification,4,4,3697,1152.0,616.68
identification,4,4,3730,1150.08,618.8399999999999
identification,4,4,3765,1148.16,623.16
identification,4,4,3797,1152.0,633.9599999999999
identification,4,4,3831,1153.92,641.52
identification,4,4,3864,1153.92,646.92
identification,4,4,3898,1153.92,651.24
identification,4,4,3932,1155.84,657.72
identification,4,4,3981,1159.68,663.12
identification,4,4,4014,1159.68,665.28
identification,4,4,4065,1157.76,664.2
identification,4,4,4097,1153.92,659.88
identification,4,4,4130,1152.0,658.8
identification,4,4,4165,1150.08,659.88
identification,4,4,4198,1146.24,659.88
identification,4,4,4231,1146.24,658.8
identification,4,4,4265,1146.24,657.72
identification,4,4,4298,1144.32,657.72
identification,4,4,4332,1144.32,655.56
identification,4,4,4381,1142.4,653.4
identification,4,4,4415,1142.4,650.16
identification,4,4,4466,1142.4,646.92
identification,4,4,4498,1142.4,641.52
identification,4,4,4531,1142.4,638.28
identification,4,4,4565,1134.72,633.9599999999999
identification,4,4,4599,1121.28,626.4
identification,4,4,4632,1111.6799999999998,625.3199999999999
identification,4,4,4666,1104.0,622.0799999999999
identification,5,5,0,1038.72,614.52
identification,5,5,0,1032.96,615.5999999999999
identification,5,5,31,1027.2,617.76
identification,5,5,65,1021.44,618.8399999999999
identification,5,5,98,1015.68,618.8399999999999
identification,5,5,147,1132.8,793.8
identification,5,5,181,1221.12,841.32
identification,5,5,231,1226.88,874.8000000000001
identification,5,5,264,1200.0,849.96
identification,5,5,298,1171.2,784.0799999999999
identification,5,5,332,1090.56,606.96
identification,5,5,365,1088.64,569.1600000000001
identification,5,5,399,1080.9599999999998,503.28
identification,5,5,431,1080.9599999999998,484.92
identification,5,5,465,1086.7199999999998,469.8
identification,5,5,499,1104.0,462.24
identification,5,5,549,1113.6,456.84
identification,5,5,581,1127.04,455.76
identification,5,5,631,1153.92,447.12
identification,5,5,665,1175.04,442.8
identification,5,5,698,1188.48,446.04
identification,5,5,732,1196.16,449.28
identification,5,5,765,1155.84,450.36
identification,5,5,799,1098.24,447.12
identification,5,5,832,902.4,447.12
identification,5,5,866,894.72,444.96
identification,5,5,899,888.96,443.88
identification,5,5,948,888.96,437.4
identification,5,5,982,888.96,436.3200000000001
identification,5,5,1033,929.28,439.56
identification,5,5,1065,952.32,441.72
identification,5,5,1100,967.68,443.88
identification,5,5,1134,981.12,444.96
identification,5,5,1165,990.72,446.04
identification,5,5,1199,998.4,451.44
identification,5,5,1232,1008.0,467.64
identification,5,5,1266,1079.0400000000002,515.16
identification,5,5,1315,1096.32,616.68
identification,5,5,1350,1098.24,631.8
identification,5,5,1399,1092.48,649.0799999999999
identification,5,5,1432,1082.88,658.8
identification,5,5,1466,1077.12,680.4
identification,5,5,1500,1069.44,683.64
identification,5,5,1532,1065.6,687.96
identification,5,5,1566,1059.84,689.04
identification,5,5,1600,1056.0,693.36
identification,5,5,1633,1054.0800000000002,694.44
identification,5,5,1666,1054.0800000000002,695.52
identification,5,5,1715,1052.16,696.6
identification,5,5,1749,1052.16,697.6800000000001
identification,5,5,1799,1050.24,698.76
identification,5,5,1832,1048.3200000000002,704.1600000000001
identification,5,5,1866,1046.4,706.32
identification,5,5,1900,1044.48,708.48
identification,5,5,1933,1044.48,710.64
identification,5,5,1966,1044.48,712.8000000000001
identification,5,5,2000,1044.48,712.8000000000001
identification,5,5,2034,1046.4,714.96
identification,5,5,2067,1057.92,730.08
identification,5,5,2116,1067.52,751.68
identification,5,5,2150,1067.52,763.56
identification,5,5,2200,1069.44,773.28
identification,5,5,2233,1073.2800000000002,785.16
identification,5,5,2266,1073.2800000000002,794.88
identification,5,5,2300,1073.2800000000002,805.68
identification,5,5,2333,1073.2800000000002,817.5600000000001
identification,5,5,2367,1075.2,827.28
identification,5,5,2400,1075.2,838.08
identification,5,5,2434,1077.12,852.12
identification,5,5,2484,1063.68,832.6800000000001
identification,5,5,2516,1063.68,832.6800000000001
identification,5,5,2566,1063.68,832.6800000000001
identification,5,5,2600,1063.68,832.6800000000001
identification,5,5,2633,1063.68,831.6
identification,5,5,2667,1061.76,827.28
identification,5,5,2701,1057.92,819.72
identification,5,5,2734,1052.16,812.16
identification,5,5,2768,1040.64,802.4399999999999
identification,5,5,2801,1032.96,794.88
identification,5,5,2834,1025.28,790.56
identification,5,5,2883,992.64,764.64
identification,5,5,2917,977.28,761.4
identification,5,5,2967,969.6,759.24
identification,5,5,3003,960.0,758.16
identification,5,5,3067,948.48,756.0
identification,5,5,3101,910.08,743.04
identification,5,5,3134,892.8000000000001,741.96
identification,5,5,3168,873.6,740.8800000000001
identification,5,5,3201,860.16,738.72
identification,5,5,3235,856.32,739.8000000000001
identification,5,5,3284,887.0400000000001,763.56
identification,5,5,3334,896.6400000000001,775.4399999999999
identification,5,5,3367,906.24,784.0799999999999
identification,5,5,3401,913.92,791.64
identification,5,5,3434,915.84,799.2
identification,5,5,3468,1019.52,872.6400000000001
identification,5,5,3501,1036.8000000000002,879.1199999999999
identification,5,5,3535,1050.24,884.52
identification,5,5,3569,1069.44,892.0799999999999
identification,5,5,3602,1077.12,894.24
identification,5,5,3635,1080.9599999999998,897.4799999999999
identification,5,5,3684,1088.64,900.72
identification,5,5,3735,1102.08,906.12
identification,5,5,3768,1113.6,910.44
identification,5,5,3801,1125.12,915.84
identification,5,5,3835,1127.04,916.92
identification,5,5,3868,1128.96,919.08
identification,5,5,3902,1128.96,919.08
identification,5,5,3935,1128.96,921.24
identification,5,5,3969,1128.96,922.32
identification,5,5,4018,1128.96,923.4
identification,5,5,4051,1130.88,924.48
identification,5,5,4085,1130.88,926.64
identification,5,5,4135,1132.8,927.72
identification,5,5,4170,1132.8,932.04
identification,5,5,4201,1134.72,934.2
identification,5,5,4235,1134.72,936.36
identification,5,5,4269,1134.72,938.52
identification,5,5,4302,1132.8,928.8
identification,5,5,4336,1125.12,912.6
identification,5,5,4370,1123.1999999999998,900.72
identification,5,5,4402,1121.28,889.92
identification,5,5,4453,1115.52,874.8000000000001
identification,5,5,4503,1113.6,864.0
identification,5,5,4535,1111.6799999999998,853.2
identification,5,5,4568,1109.76,844.5600000000001
identification,5,5,4602,1107.84,834.84
identification,5,5,4636,1107.84,826.2
identification,5,5,4670,1105.9199999999998,817.5600000000001
identification,5,5,4703,1104.0,804.6
identification,6,6,0,1113.6,784.0799999999999
identification,6,6,0,1115.52,786.24
identification,6,6,34,1113.6,785.16
identification,6,6,67,1111.6799999999998,783.0
identification,6,6,100,1105.9199999999998,779.76
identification,6,6,133,1104.0,774.36
identification,6,6,167,1107.84,771.12
identification,6,6,216,1115.52,764.64
identification,6,6,249,1117.4399999999998,761.4
identification,6,6,300,1121.28,756.0
identification,6,6,333,1140.48,744.1199999999999
identification,6,6,366,1148.16,736.5600000000001
identification,6,6,400,1153.92,729.0
identification,6,6,433,1159.68,720.36
identification,6,6,467,1167.36,712.8000000000001
identification,6,6,500,1173.12,705.24
identification,6,6,534,1176.96,700.9200000000001
identification,6,6,567,1180.8,698.76
identification,6,6,616,1190.4,699.84
identification,6,6,666,1200.0,699.84
identification,6,6,700,1207.68,699.84
identification,6,6,733,1215.36,699.84
identification,6,6,767,1219.2,697.6800000000001
identification,6,6,801,1226.88,691.2
identification,6,6,834,1232.64,684.72
identification,6,6,868,1232.64,680.4
identification,6,6,901,1232.64,677.16
identification,6,6,935,1234.56,676.08
identification,6,6,983,1236.48,675.0
identification,6,6,1017,1236.48,672.84
identification,6,6,1067,1228.8,670.68
identification,6,6,1101,1223.04,664.2
identification,6,6,1134,1219.2,662.04
identification,6,6,1169,1217.28,658.8
identification,6,6,1201,1215.36,653.4
identification,6,6,1235,1213.44,650.16
identification,6,6,1268,1213.44,645.8399999999999
identification,6,6,1302,1211.52,642.6
identification,6,6,1336,1205.76,640.4399999999999
identification,6,6,1368,1203.84,638.28
identification,6,6,1417,1200.0,640.4399999999999
identification,6,6,1468,1205.76,641.52
identification,6,6,1502,1211.52,641.52
identification,6,6,1534,1213.44,642.6
identification,6,6,1568,1219.2,643.68
identification,6,6,1601,1224.96,644.76
identification,6,6,1635,1226.88,646.92
identification,6,6,1668,1230.72,648.0
identification,6,6,1702,1234.56,648.0
identification,6,6,1735,1236.48,648.0
identification,6,6,1784,1240.32,653.4
identification,6,6,1835,1290.24,703.08
identification,6,6,1867,1384.32,894.24
identification,6,6,1901,1418.88,990.36
identification,6,6,1935,1424.64,1040.04
identification,6,6,1969,1426.56,1054.08
identification,6,6,2002,1415.04,1038.96
identification,6,6,2035,1395.84,1011.96
identification,6,6,2068,1380.48,978.48
identification,6,6,2102,1367.04,955.8
identification,6,6,2135,1359.36,942.84
identification,6,6,2184,1388.16,990.36
identification,6,6,2235,1376.64,1002.24
identification,6,6,2268,1374.72,1027.08
identification,6,6,2302,1390.08,1022.76
identification,6,6,2335,1363.1999999999998,999.0
identification,6,6,2369,1324.8,947.16
identification,6,6,2403,1299.84,908.28
identification,6,6,2436,1207.68,747.3599999999999
identification,6,6,2470,1188.48,695.52
identification,6,6,2502,1175.04,673.92
identification,6,6,2552,1167.36,646.92
identification,6,6,2585,1157.76,616.68
identification,6,6,2635,1146.24,595.08
identification,6,6,2669,1128.96,572.4
identification,6,6,2702,1117.4399999999998,563.76
identification,6,6,2736,906.24,446.04
identification,6,6,2769,835.2,408.24
identification,6,6,2803,762.24,343.44
identification,6,6,2836,720.0,316.44
identification,6,6,2870,683.52,281.88
identification,6,6,2903,672.0,274.32
identification,6,6,2952,662.4,272.16
identification,6,6,3002,660.4799999999999,272.16
identification,6,6,3036,656.6400000000001,273.24
identification,6,6,3069,648.96,273.24
identification,6,6,3102,643.2,273.24
identification,6,6,3136,637.44,274.32
identification,6,6,3169,633.6,277.56
identification,6,6,3203,664.3199999999999,289.44
identification,6,6,3237,952.32,435.24
identification,6,6,3270,983.04,448.2
identification,6,6,3303,996.48,459.0
identification,6,6,3353,1000.32,473.04
identification,6,6,3403,1000.32,479.52
identification,6,6,3436,1002.24,488.16
identification,6,6,3469,1009.92,493.56
identification,6,6,3503,1015.68,497.88
identification,6,6,3537,1021.44,501.12
identification,6,6,3570,1031.04,504.36
identification,6,6,3604,1034.88,506.52
identification,6,6,3638,1038.72,508.68
identification,6,6,3670,1042.5600000000002,509.76
identification,6,6,3704,1046.4,511.92
identification,6,6,3753,1038.72,509.76
identification,6,6,3803,1040.64,513.0
identification,6,6,3837,1034.88,514.0799999999999
identification,6,6,3870,1031.04,516.24
identification,6,6,3904,1027.2,516.24
identification,6,6,3937,1025.28,517.3199999999999
identification,6,6,3970,1023.36,517.3199999999999
identification,6,6,4003,1021.44,517.3199999999999
identification,6,6,4037,1017.6,516.24
identification,6,6,4070,1013.76,516.24
identification,6,6,4120,1021.44,503.28
identification,6,6,4170,1023.36,490.32
identification,6,6,4203,1025.28,479.52
identification,6,6,4237,1027.2,464.4
identification,6,6,4270,1032.96,449.28
identification,6,6,4304,1038.72,436.3200000000001
identification,6,6,4338,1065.6,380.16
identification,6,6,4371,1069.44,372.6
identification,6,6,4405,1075.2,365.04
identification,6,6,4438,1077.12,358.56
identification,6,6,4471,1080.9599999999998,353.16
identification,6,6,4520,1084.8,338.04
identification,6,6,4570,1086.7199999999998,335.88
identification,6,6,4604,1088.64,333.72
identification,6,6,4638,1092.48,333.72
identification,6,6,4670,1094.4,331.56
identification,7,7,0,1190.4,287.28000000000003
identification,7,7,3,1200.0,285.12
identification,7,7,37,1205.76,282.96000000000004
identification,7,7,70,1213.44,282.96000000000004
identification,7,7,104,1165.44,275.4
identification,7,7,137,956.16,246.24
identification,7,7,171,925.44,246.24
identification,7,7,204,913.92,243.0
identification,7,7,238,906.24,240.84
identification,7,7,271,902.4,241.92
identification,7,7,337,910.08,249.48
identification,7,7,370,912.0,255.96
identification,7,7,404,912.0,261.36
identification,7,7,437,912.0,267.84
identification,7,7,470,910.08,274.32
identification,7,7,505,917.76,282.96000000000004
identification,7,7,538,969.6,297.0
identification,7,7,572,988.8,303.48
identification,7,7,605,1004.16,307.79999999999995
identification,7,7,638,1134.72,359.64000000000004
identification,7,7,687,1146.24,360.72
identification,7,7,737,1157.76,363.96
identification,7,7,770,1167.36,367.2000000000001
identification,7,7,804,1117.4399999999998,369.36
identification,7,7,839,938.88,374.76
identification,7,7,871,913.92,373.68
identification,7,7,905,910.08,372.6
identification,7,7,938,896.6400000000001,373.68
identification,7,7,972,888.96,375.84
identification,7,7,1006,867.84,375.84
identification,7,7,1038,864.0,376.92
identification,7,7,1104,912.0,380.16
identification,7,7,1138,933.12,384.48
identification,7,7,1171,946.56,388.8
identification,7,7,1204,958.08,390.96
identification,7,7,1238,967.68,393.12
identification,7,7,1272,990.72,400.68
identification,7,7,1305,1059.84,415.8
identification,7,7,1338,1077.12,417.96
identification,7,7,1372,1084.8,419.04
identification,7,7,1405,1094.4,421.2
identification,7,7,1438,1104.0,423.36
identification,7,7,1505,1113.6,425.52
identification,7,7,1538,1138.56,427.68
identification,7,7,1572,1171.2,433.08
identification,7,7,1605,1192.32,450.36
identification,7,7,1638,1221.12,486.0
identification,7,7,1672,1242.24,518.4
identification,7,7,1706,1261.44,556.2
identification,7,7,1739,1267.2,585.36
identification,7,7,1772,1263.36,595.08
identification,7,7,1806,1263.36,603.72
identification,7,7,1839,1263.36,611.28
identification,7,7,1905,1265.28,621.0
identification,7,7,1939,1269.12,640.4399999999999
identification,7,7,1972,1278.72,648.0
identification,7,7,2006,1288.3200000000002,664.2
identification,7,7,2039,1303.68,700.9200000000001
identification,7,7,2073,1319.0400000000002,735.48
identification,7,7,2106,1324.8,760.3199999999999
identification,7,7,2139,1330.56,780.8399999999999
identification,7,7,2175,1326.7199999999998,791.64
identification,7,7,2206,1330.56,825.12
identification,7,7,2272,1267.2,853.2
identification,7,7,2306,1140.48,872.6400000000001
identification,7,7,2339,1121.28,874.8000000000001
identification,7,7,2372,1111.6799999999998,876.96
identification,7,7,2406,1105.9199999999998,880.1999999999999
identification,7,7,2439,1086.7199999999998,876.96
identification,7,7,2473,1052.16,867.24
identification,7,7,2506,1040.64,861.84
identification,7,7,2540,1029.12,859.6800000000001
identification,7,7,2573,1017.6,856.44
identification,7,7,2607,998.4,853.2
identification,7,7,2672,990.72,851.0400000000001
identification,7,7,2706,983.04,849.96
identification,7,7,2739,969.6,846.72
identification,7,7,2773,950.4,840.24
identification,7,7,2806,946.56,837.0
identification,7,7,2840,942.72,837.0
identification,7,7,2873,917.76,817.5600000000001
identification,7,7,2907,896.6400000000001,801.36
identification,7,7,2940,877.44,785.16
identification,7,7,2973,862.08,768.9599999999999
identification,7,7,3007,850.5600000000001,754.92
identification,7,7,3073,831.36,733.32
identification,7,7,3106,810.24,709.5600000000001
identification,7,7,3140,808.3199999999999,703.08
identification,7,7,3173,804.48,699.84
identification,7,7,3207,817.92,699.84
identification,7,7,3240,852.48,700.9200000000001
identification,7,7,3274,873.6,702.0
identification,7,7,3307,888.96,705.24
identification,7,7,3341,900.4799999999999,707.4
identification,7,7,3374,908.16,709.5600000000001
identification,7,7,3440,981.12,714.96
identification,7,7,3474,1002.24,720.36
identification,7,7,3507,1008.0,722.5200000000001
identification,7,7,3540,1013.76,724.6800000000001
identification,7,7,3574,1021.44,726.84
identification,7,7,3607,1086.7199999999998,737.6400000000001
identification,7,7,3641,1130.88,741.96
identification,7,7,3674,1228.8,743.04
identification,7,7,3708,1249.92,741.96
identification,7,7,3741,1261.44,738.72
identification,7,7,3774,1271.04,736.5600000000001
identification,7,7,3840,1125.12,561.6
identification,7,7,3874,1105.9199999999998,522.72
identification,7,7,3907,1107.84,498.96
identification,7,7,3940,1109.76,479.52
identification,7,7,3974,1113.6,467.64
identification,7,7,4008,1088.64,456.84
identification,7,7,4041,1056.0,436.3200000000001
identification,7,7,4074,1034.88,427.68
identification,7,7,4109,969.6,402.84
identification,7,7,4142,960.0,399.6
identification,7,7,4174,954.24,399.6
identification,7,7,4242,1155.84,630.7199999999999
identification,7,7,4274,1180.8,664.2
identification,7,7,4307,1198.08,680.4
identification,7,7,4343,1205.76,689.04
identification,7,7,4374,1209.6,695.52
identification,7,7,4408,1205.76,698.76
identification,7,7,4442,1203.84,700.9200000000001
identification,7,7,4475,1200.0,702.0
identification,7,7,4509,1198.08,703.08
identification,7,7,4542,1192.32,703.08
identification,7,7,4576,1140.48,689.04
identification,7,7,4608,984.96,655.56
identification,7,7,4641,973.44,658.8
identification,7,7,4675,965.76,659.88
identification,8,8,7,969.6,666.36
identification,8,8,40,975.36,669.6
identification,8,8,73,981.12,670.68
identification,8,8,106,984.96,671.76
identification,8,8,140,988.8,672.84
identification,8,8,174,990.72,673.92
identification,8,8,207,992.64,673.92
identification,8,8,240,992.64,672.84
identification,8,8,274,994.56,672.84
identification,8,8,307,996.48,671.76
identification,8,8,340,1046.4,675.0
identification,8,8,407,1059.84,673.92
identification,8,8,441,1069.44,672.84
identification,8,8,474,1077.12,671.76
identification,8,8,507,1086.7199999999998,670.68
identification,8,8,541,1094.4,669.6
identification,8,8,574,1102.08,668.52
identification,8,8,607,1109.76,666.36
identification,8,8,641,1121.28,662.04
identification,8,8,675,1132.8,659.88
identification,8,8,708,1175.04,657.72
identification,8,8,774,1388.16,908.28
identification,8,8,807,1476.48,957.96
identification,8,8,840,1424.64,989.28
identification,8,8,874,1403.52,984.96
identification,8,8,907,1363.1999999999998,990.36
identification,8,8,940,1324.8,972.0
identification,8,8,974,1203.84,946.08
identification,8,8,1008,1152.0,914.76
identification,8,8,1042,1144.32,913.68
identification,8,8,1074,1176.96,896.4
identification,8,8,1108,1230.72,911.52
identification,8,8,1175,1416.96,999.0
identification,8,8,1207,1432.32,1011.96
identification,8,8,1241,1438.08,976.32
identification,8,8,1274,1428.48,961.2
identification,8,8,1309,1415.04,990.36
identification,8,8,1342,1420.8,995.76
identification,8,8,1375,1399.68,978.48
identification,8,8,1408,1411.2,999.0
identification,8,8,1441,1432.32,1027.08
identification,8,8,1474,1434.24,1029.24
identification,8,8,1508,1436.16,1013.04
identification,8,8,1574,1416.96,980.64
identification,8,8,1607,1436.16,1016.28
identification,8,8,1641,1451.52,1021.68
identification,8,8,1674,1461.12,1016.28
identification,8,8,1707,1463.04,1037.88
identification,8,8,1741,1476.48,1037.88
identification,8,8,1775,1522.5600000000002,1004.4
identification,8,8,1808,1512.96,975.24
identification,8,8,1842,1507.2,942.84
identification,8,8,1875,1505.28,915.84
identification,8,8,1908,1499.52,787.3199999999999
identification,8,8,1941,1501.44,761.4
identification,8,8,1974,1499.52,730.08
identification,8,8,2008,1493.76,711.72
identification,8,8,2041,1491.84,682.5600000000001
identification,8,8,2074,1486.08,671.76
identification,8,8,2108,1476.48,662.04
identification,8,8,2142,1470.72,658.8
identification,8,8,2175,1451.52,648.0
identification,8,8,2210,1438.08,644.76
identification,8,8,2242,1424.64,646.92
identification,8,8,2275,1403.52,640.4399999999999
identification,8,8,2342,1368.96,646.92
identification,8,8,2375,1351.6799999999998,655.56
identification,8,8,2409,1345.9199999999998,660.96
identification,8,8,2442,1349.76,664.2
identification,8,8,2475,1355.52,667.4399999999999
identification,8,8,2508,1359.36,669.6
identification,8,8,2542,1359.36,669.6
identification,8,8,2575,1363.1999999999998,664.2
identification,8,8,2609,1368.96,666.36
identification,8,8,2643,1367.04,668.52
identification,8,8,2676,1368.96,669.6
identification,8,8,2742,1372.8,671.76
identification,8,8,2775,1376.64,677.16
identification,8,8,2810,1382.4,679.32
identification,8,8,2842,1388.16,682.5600000000001
identification,8,8,2875,1397.76,684.72
identification,8,8,2910,1401.6,678.24
identification,8,8,2942,1405.44,677.16
identification,8,8,2977,1393.92,687.96
identification,8,8,3009,1386.24,682.5600000000001
identification,8,8,3043,1384.32,683.64
identification,8,8,3076,1382.4,680.4
identification,8,8,3108,1370.88,684.72
identification,8,8,3142,1351.6799999999998,710.64
identification,8,8,3175,1290.24,868.32
identification,8,8,3209,1292.16,1005.48
identification,8,8,3242,1328.64,1006.56
identification,8,8,3276,1297.92,1021.68
identification,8,8,3310,1280.64,1015.2
identification,8,8,3343,1271.04,1000.08
identification,8,8,3376,1263.36,982.8
identification,8,8,3410,1257.6,956.88
identification,8,8,3443,1249.92,930.96
identification,8,8,3509,1248.0,899.64
identification,8,8,3543,1223.04,785.16
identification,8,8,3576,1230.72,768.9599999999999
identification,8,8,3609,1224.96,764.64
identification,8,8,3643,1223.04,757.0799999999999
identification,8,8,3677,1215.36,748.4399999999999
identification,8,8,3710,1209.6,727.9200000000001
identification,8,8,3744,1205.76,723.6
identification,8,8,3777,1201.92,721.44
identification,8,8,3810,1200.0,716.0400000000001
identification,8,8,3844,1200.0,710.64
identification,8,8,3876,1194.24,708.48
identification,8,8,3911,1190.4,703.08
identification,8,8,3943,1178.88,692.28
identification,8,8,3976,1165.44,676.08
identification,8,8,4010,1155.84,676.08
identification,8,8,4043,1148.16,673.92
identification,8,8,4077,1136.64,670.68
identification,8,8,4110,1127.04,663.12
identification,8,8,4144,1117.4399999999998,655.56
identification,8,8,4177,1104.0,645.8399999999999
identification,8,8,4210,1098.24,641.52
identification,8,8,4245,1057.92,636.12
identification,8,8,4277,1052.16,635.04
identification,8,8,4311,1046.4,638.28
identification,8,8,4344,1046.4,643.68
identification,8,8,4377,1042.5600000000002,645.8399999999999
identification,8,8,4411,1027.2,650.16
identification,8,8,4444,1017.6,658.8
identification,8,8,4478,1008.0,664.2
identification,8,8,4511,1002.24,667.4399999999999
identification,8,8,4545,990.72,659.88
identification,8,8,4578,981.12,656.64
identification,8,8,4612,973.44,663.12
identification,8,8,4645,967.68,669.6
identification,9,9,0,954.24,664.2
identification,9,9,0,946.56,658.8
identification,9,9,12,950.4,649.0799999999999
identification,9,9,45,950.4,649.0799999999999
identification,9,9,78,944.64,648.0
identification,9,9,112,940.8,645.8399999999999
identification,9,9,145,936.96,645.8399999999999
identification,9,9,178,933.12,644.76
identification,9,9,211,927.36,641.52
identification,9,9,245,917.76,636.12
identification,9,9,279,910.08,633.9599999999999
identification,9,9,313,910.08,610.1999999999999
identification,9,9,346,888.96,582.12
identification,9,9,379,879.36,564.84
identification,9,9,413,856.32,511.92
identification,9,9,445,842.88,465.48
identification,9,9,479,816.0,427.68
identification,9,9,512,796.8,415.8
identification,9,9,545,785.28,406.08
identification,9,9,579,777.6,400.68
identification,9,9,612,775.6800000000001,393.12
identification,9,9,646,814.0799999999999,394.2
identification,9,9,680,831.36,392.04
identification,9,9,713,844.8,388.8
identification,9,9,746,856.32,384.48
identification,9,9,780,867.84,383.4
identification,9,9,813,881.2800000000001,381.24
identification,9,9,845,892.8000000000001,370.44000000000005
identification,9,9,879,902.4,369.36
identification,9,9,912,960.0,361.8
identification,9,9,945,969.6,359.64000000000004
identification,9,9,979,917.76,355.32
identification,9,9,1012,888.96,352.08000000000004
identification,9,9,1046,869.76,349.92
identification,9,9,1080,744.96,335.88
identification,9,9,1112,737.28,338.04
identification,9,9,1146,737.28,345.6
identification,9,9,1180,741.12,352.08000000000004
identification,9,9,1212,744.96,355.32
identification,9,9,1245,741.12,362.88
identification,9,9,1279,741.12,366.12
identification,9,9,1313,743.04,369.36
identification,9,9,1346,748.8000000000001,376.92
identification,9,9,1379,754.5600000000001,380.16
identification,9,9,1413,762.24,389.88
identification,9,9,1448,779.5200000000001,395.28
identification,9,9,1480,894.72,438.48
identification,9,9,1513,1019.52,447.12
identification,9,9,1547,1036.8000000000002,452.52
identification,9,9,1580,1050.24,451.44
identification,9,9,1612,1056.0,452.52
identification,9,9,1646,1065.6,451.44
identification,9,9,1680,1073.2800000000002,450.36
identification,9,9,1713,1082.88,452.52
identification,9,9,1746,1092.48,453.6
identification,9,9,1780,1098.24,455.76
identification,9,9,1814,1102.08,456.84
identification,9,9,1847,1113.6,465.48
identification,9,9,1881,1119.36,467.64
identification,9,9,1914,1121.28,468.72
identification,9,9,1947,1121.28,467.64
identification,9,9,1980,1127.04,482.76
identification,9,9,2013,1155.84,556.2
identification,9,9,2046,1180.8,641.52
identification,9,9,2080,1188.48,657.72
identification,9,9,2113,1201.92,689.04
identification,9,9,2147,1209.6,693.36
identification,9,9,2180,1221.12,695.52
identification,9,9,2214,1236.48,698.76
identification,9,9,2247,1246.08,700.9200000000001
identification,9,9,2281,1255.68,702.0
identification,9,9,2314,1259.52,700.9200000000001
identification,9,9,2348,1207.68,685.8
identification,9,9,2380,1178.88,679.32
identification,9,9,2414,1163.52,675.0
identification,9,9,2447,1150.08,671.76
identification,9,9,2480,1140.48,667.4399999999999
identification,9,9,2513,1134.72,665.28
identification,9,9,2547,1127.04,663.12
identification,9,9,2580,1121.28,659.88
identification,9,9,2614,1008.0,651.24
identification,9,9,2648,977.28,643.68
identification,9,9,2681,846.72,602.6400000000001
identification,9,9,2715,769.9200000000001,511.92
identification,9,9,2748,756.48,491.4
identification,9,9,2780,746.88,477.36
identification,9,9,2814,741.12,464.4
identification,9,9,2848,735.36,454.68
identification,9,9,2881,727.6800000000001,444.96
identification,9,9,2914,716.16,426.6
identification,9,9,2947,712.3199999999999,420.12
identification,9,9,2981,708.48,416.88
identification,9,9,3015,743.04,436.3200000000001
identification,9,9,3048,1031.04,608.04
identification,9,9,3082,1075.2,654.48
identification,9,9,3115,1096.32,677.16
identification,9,9,3181,1130.88,720.36
identification,9,9,3215,1148.16,739.8000000000001
identification,9,9,3248,1159.68,750.5999999999999
identification,9,9,3281,1165.44,758.16
identification,9,9,3314,1165.44,763.56
identification,9,9,3348,1165.44,767.88
identification,9,9,3382,1163.52,771.12
identification,9,9,3415,1159.68,774.36
identification,9,9,3448,1159.68,778.68
identification,9,9,3482,1171.2,786.24
identification,9,9,3515,1223.04,812.16
identification,9,9,3548,1315.2,849.96
identification,9,9,3581,1376.64,862.9200000000001
identification,9,9,3615,1386.24,862.9200000000001
identification,9,9,3648,1393.92,866.1600000000001
identification,9,9,3682,1397.76,872.6400000000001
identification,9,9,3715,1395.84,880.1999999999999
identification,9,9,3748,1392.0,885.5999999999999
identification,9,9,3782,1384.32,888.8399999999999
identification,9,9,3816,1378.56,892.0799999999999
identification,9,9,3850,1368.96,895.3199999999999
identification,9,9,3883,1361.28,896.4
identification,9,9,3916,1353.6,892.0799999999999
identification,9,9,3948,1347.84,892.0799999999999
identification,9,9,3982,1342.08,892.0799999999999
identification,9,9,4015,1338.24,893.16
identification,9,9,4049,1334.4,893.16
identification,9,9,4082,1330.56,894.24
identification,9,9,4115,1328.64,895.3199999999999
identification,9,9,4149,1326.7199999999998,896.4
identification,9,9,4183,1322.88,896.4
identification,9,9,4217,1322.88,896.4
identification,9,9,4249,1320.9599999999998,896.4
identification,9,9,4283,1320.9599999999998,896.4
identification,9,9,4316,1320.9599999999998,897.4799999999999
identification,9,9,4349,1319.0400000000002,897.4799999999999
identification,9,9,4382,1317.12,899.64
identification,9,9,4415,1315.2,901.8
identification,9,9,4449,1315.2,903.96
identification,9,9,4482,1317.12,903.96
identification,9,9,4516,1320.9599999999998,905.04
identification,9,9,4550,1332.48,908.28
identification,9,9,4583,1330.56,912.6
identification,9,9,4617,1332.48,912.6
identification,9,9,4650,1338.24,913.68
faces,0,0,0,867.84,273.24
faces,0,0,0,856.32,280.8
faces,0,0,20,568.3199999999999,331.56
faces,0,0,68,360.96,275.4
faces,0,0,102,307.2,275.4
faces,0,0,153,357.12,274.32
faces,0,0,186,382.08,273.24
faces,0,0,219,618.24,327.24
faces,0,0,253,714.24,360.72
faces,0,0,286,864.0,382.32
faces,0,0,320,879.36,384.48
faces,0,0,387,881.2800000000001,403.92
faces,0,0,420,839.04,401.76
faces,0,0,469,837.12,392.04
faces,0,0,503,812.16,395.28
faces,0,0,553,792.9599999999999,387.72
faces,0,0,620,769.9200000000001,395.28
faces,0,0,654,848.64,383.4
faces,0,0,687,885.12,374.76
faces,0,0,721,915.84,367.2000000000001
faces,0,0,755,933.12,361.8
faces,0,0,787,1057.92,332.64
faces,0,0,820,1063.68,330.48
faces,0,0,869,1067.52,332.64
faces,0,0,920,1073.2800000000002,332.64
faces,0,0,1187,965.76,683.64
faces,0,0,1236,956.16,712.8000000000001
faces,0,0,1271,912.0,722.5200000000001
faces,0,0,1322,854.4,736.5600000000001
faces,0,0,1353,729.6,739.8000000000001
faces,0,0,1521,696.96,744.1199999999999
faces,0,0,1555,687.36,748.4399999999999
faces,0,0,1588,689.28,747.3599999999999
faces,0,0,1636,725.76,740.8800000000001
faces,0,0,1670,779.5200000000001,733.32
faces,0,0,1722,816.0,725.76
faces,0,0,1787,837.12,723.6
faces,0,0,1821,854.4,719.2800000000001
faces,0,0,1854,960.0,699.84
faces,0,0,1921,961.92,697.6800000000001
faces,0,0,1955,963.84,694.44
faces,0,0,1988,965.76,693.36
faces,0,0,2037,984.96,628.56
faces,0,0,2087,1056.0,453.6
faces,0,0,2121,1063.68,426.6
faces,0,0,2157,1065.6,407.16
faces,0,0,2221,1079.0400000000002,373.68
faces,0,0,2288,1084.8,369.36
faces,0,0,2322,1092.48,367.2000000000001
faces,0,0,2355,1046.4,367.2000000000001
faces,0,0,2389,892.8000000000001,348.84000000000003
faces,0,0,2438,814.0799999999999,329.4
faces,0,0,2489,798.7199999999999,322.92
faces,0,0,2521,792.9599999999999,319.68
faces,0,0,2554,791.04,318.6
faces,0,0,2589,789.12,318.6
faces,0,0,2622,783.3599999999999,319.68
faces,0,0,2655,775.6800000000001,320.76
faces,0,0,2689,771.84,321.84
faces,0,0,2722,766.08,322.92
faces,0,0,2756,760.32,322.92
faces,0,0,2806,794.88,359.64000000000004
faces,0,0,2838,873.6,522.72
faces,0,0,2888,877.44,554.04
faces,0,0,2923,879.36,574.5600000000001
faces,0,0,2955,883.2,612.3599999999999
faces,0,0,2989,879.36,626.4
faces,0,0,3022,877.44,639.36
faces,0,0,3056,881.2800000000001,649.0799999999999
faces,0,0,3089,885.12,659.88
faces,0,0,3123,894.72,669.6
faces,0,0,3156,908.16,695.52
faces,0,0,3205,908.16,698.76
faces,0,0,3257,915.84,705.24
faces,0,0,3322,687.36,766.8
faces,0,0,3355,681.5999999999999,746.28
faces,0,0,3390,675.8399999999999,740.8800000000001
faces,0,0,3423,670.0799999999999,743.04
faces,0,0,3456,670.0799999999999,740.8800000000001
faces,0,0,3491,668.16,739.8000000000001
faces,0,0,3523,668.16,739.8000000000001
faces,0,0,3557,670.0799999999999,738.72
faces,0,0,3605,677.76,738.72
faces,0,0,3657,683.52,735.48
faces,0,0,3690,681.5999999999999,734.4000000000001
faces,0,0,3722,666.24,733.32
faces,0,0,3756,658.5600000000001,730.08
faces,0,0,3789,654.72,727.9200000000001
faces,0,0,3824,698.88,707.4
faces,0,0,3856,892.8000000000001,598.32
faces,0,0,3890,1006.08,530.28
faces,0,0,3924,1063.68,468.72
faces,0,0,3973,1073.2800000000002,444.96
faces,0,0,4006,1080.9599999999998,434.16
faces,0,0,4056,1084.8,429.84
faces,0,0,4090,1084.8,426.6
faces,0,0,4157,852.48,374.76
faces,0,0,4190,831.36,366.12
faces,0,0,4257,802.56,411.48
faces,0,0,4291,840.96,844.5600000000001
faces,0,0,4325,938.88,845.64
faces,0,0,4373,1086.7199999999998,851.0400000000001
faces,0,0,4423,1071.36,878.04
faces,0,0,4456,1029.12,858.6
faces,0,0,4524,758.4000000000001,555.12
faces,0,0,4591,768.0,475.2
faces,0,0,4624,771.84,447.12
faces,0,0,4690,1019.52,359.64000000000004
faces,1,1,0,1119.36,353.16
faces,1,1,0,1130.88,351.0
faces,1,1,22,1136.64,348.84000000000003
faces,1,1,56,1142.4,347.76
faces,1,1,89,1142.4,347.76
faces,1,1,138,1025.28,660.96
faces,1,1,172,1013.76,685.8
faces,1,1,222,1013.76,692.28
faces,1,1,255,1013.76,676.08
faces,1,1,289,1011.84,548.64
faces,1,1,323,1025.28,415.8
faces,1,1,356,1029.12,373.68
faces,1,1,389,1029.12,303.48
faces,1,1,423,1015.68,275.4
faces,1,1,456,1013.76,262.44
faces,1,1,490,1008.0,255.96
faces,1,1,538,1011.84,249.48
faces,1,1,589,1017.6,243.0
faces,1,1,623,1023.36,237.6
faces,1,1,655,958.08,209.52
faces,1,1,689,806.4,195.48
faces,1,1,723,791.04,198.72
faces,1,1,791,783.3599999999999,195.48
faces,1,1,857,777.6,210.6
faces,1,1,890,804.48,223.56
faces,1,1,939,829.4399999999999,227.88
faces,1,1,991,842.88,227.88
faces,1,1,1023,848.64,230.04
faces,1,1,1089,1086.7199999999998,413.64
faces,1,1,1124,1098.24,415.8
faces,1,1,1191,1117.4399999999998,426.6
faces,1,1,1224,1127.04,436.3200000000001
faces,1,1,1257,1132.8,439.56
faces,1,1,1339,862.08,466.56
faces,1,1,1390,839.04,470.88
faces,1,1,1423,833.28,473.04
faces,1,1,1457,829.4399999999999,473.04
faces,1,1,1523,816.0,508.68
faces,1,1,1557,827.52,648.0
faces,1,1,1624,846.72,678.24
faces,1,1,1674,856.32,725.76
faces,1,1,1706,854.4,731.1600000000001
faces,1,1,1790,854.4,738.72
faces,1,1,1824,902.4,744.1199999999999
faces,1,1,1857,1029.12,756.0
faces,1,1,1925,1071.36,757.0799999999999
faces,1,1,1958,1086.7199999999998,760.3199999999999
faces,1,1,1991,1090.56,764.64
faces,1,1,2026,1094.4,766.8
faces,1,1,2107,1098.24,770.04
faces,1,1,2158,1102.08,773.28
faces,1,1,2191,1104.0,776.52
faces,1,1,2224,1105.9199999999998,777.6
faces,1,1,2257,1107.84,778.68
faces,1,1,2291,1105.9199999999998,779.76
faces,1,1,2325,1105.9199999999998,780.8399999999999
faces,1,1,2358,1105.9199999999998,781.92
faces,1,1,2392,1105.9199999999998,783.0
faces,1,1,2425,1111.6799999999998,785.16
faces,1,1,2458,1115.52,787.3199999999999
faces,1,1,2526,1115.52,790.56
faces,1,1,2592,1117.4399999999998,791.64
faces,1,1,2624,1121.28,793.8
faces,1,1,2658,1127.04,793.8
faces,1,1,2692,1132.8,791.64
faces,1,1,2725,1136.64,789.48
faces,1,1,2759,1134.72,784.0799999999999
faces,1,1,2825,1132.8,778.68
faces,1,1,2874,1132.8,774.36
faces,1,1,2925,1130.88,772.1999999999999
faces,1,1,2958,1130.88,768.9599999999999
faces,1,1,2992,1130.88,766.8
faces,1,1,3025,1130.88,764.64
faces,1,1,3092,1130.88,763.56
faces,1,1,3126,1130.88,762.4799999999999
faces,1,1,3159,1130.88,759.24
faces,1,1,3192,1128.96,758.16
faces,1,1,3226,1128.96,757.0799999999999
faces,1,1,3276,1127.04,754.92
faces,1,1,3325,1119.36,754.92
faces,1,1,3358,1117.4399999999998,756.0
faces,1,1,3425,1113.6,758.16
faces,1,1,3459,1109.76,757.0799999999999
faces,1,1,3493,1104.0,759.24
faces,1,1,3526,1100.16,760.3199999999999
faces,1,1,3559,1096.32,760.3199999999999
faces,1,1,3593,1088.64,761.4
faces,1,1,3626,1082.88,761.4
faces,1,1,3693,1079.0400000000002,762.4799999999999
faces,1,1,3726,1075.2,765.7199999999999
faces,1,1,3759,1079.0400000000002,764.64
faces,1,1,3825,1080.9599999999998,766.8
faces,1,1,3859,1090.56,765.7199999999999
faces,1,1,3927,1094.4,766.8
faces,1,1,3994,1086.7199999999998,770.04
faces,1,1,4026,1084.8,771.12
faces,1,1,4094,1080.9599999999998,774.36
faces,1,1,4159,1077.12,778.68
faces,1,1,4193,1071.36,779.76
faces,1,1,4260,1069.44,781.92
faces,1,1,4293,1065.6,781.92
faces,1,1,4328,1067.52,781.92
faces,1,1,4360,1080.9599999999998,790.56
faces,1,1,4393,1086.7199999999998,799.2
faces,1,1,4443,1105.9199999999998,813.24
faces,1,1,4493,1096.32,820.8
faces,1,1,4526,1096.32,829.44
faces,1,1,4560,1100.16,833.76
faces,1,1,4595,1104.0,840.24
faces,1,1,4627,1121.28,842.4
faces,1,1,4693,1169.28,846.72
faces,2,2,0,1205.76,814.32
faces,2,2,0,1217.28,808.92
faces,2,2,59,1234.56,776.52
faces,2,2,92,1230.72,774.36
faces,2,2,126,1226.88,764.64
faces,2,2,159,1224.96,760.3199999999999
faces,2,2,208,1232.64,764.64
faces,2,2,258,1238.4,760.3199999999999
faces,2,2,292,1236.48,760.3199999999999
faces,2,2,325,1236.48,763.56
faces,2,2,359,1244.16,763.56
faces,2,2,393,1249.92,766.8
faces,2,2,426,1257.6,762.4799999999999
faces,2,2,459,1297.92,722.5200000000001
faces,2,2,493,1409.28,583.2
faces,2,2,526,1401.6,568.08
faces,2,2,560,1384.32,569.1600000000001
faces,2,2,608,1144.32,563.76
faces,2,2,660,896.6400000000001,559.44
faces,2,2,692,881.2800000000001,551.88
faces,2,2,759,894.72,540.0
faces,2,2,826,896.6400000000001,528.12
faces,2,2,860,869.76,519.48
faces,2,2,926,965.76,474.12
faces,2,2,960,1144.32,441.72
faces,2,2,1025,1169.28,447.12
faces,2,2,1059,1175.04,448.2
faces,2,2,1093,1182.72,449.28
faces,2,2,1159,1194.24,450.36
faces,2,2,1193,1201.92,451.44
faces,2,2,1228,1209.6,453.6
faces,2,2,1260,1234.56,456.84
faces,2,2,1293,1251.84,460.08
faces,2,2,1327,1253.76,465.48
faces,2,2,1360,1255.68,466.56
faces,2,2,1427,1259.52,470.88
faces,2,2,1459,1257.6,470.88
faces,2,2,1493,1253.76,466.56
faces,2,2,1526,1213.44,467.64
faces,2,2,1559,888.96,462.24
faces,2,2,1593,875.52,455.76
faces,2,2,1627,881.2800000000001,448.2
faces,2,2,1694,887.0400000000001,446.04
faces,2,2,1727,888.96,446.04
faces,2,2,1777,887.0400000000001,449.28
faces,2,2,1828,885.12,450.36
faces,2,2,1860,869.76,466.56
faces,2,2,1926,798.7199999999999,689.04
faces,2,2,1961,798.7199999999999,705.24
faces,2,2,1994,794.88,713.88
faces,2,2,2061,789.12,721.44
faces,2,2,2094,781.4399999999999,727.9200000000001
faces,2,2,2128,771.84,733.32
faces,2,2,2194,829.4399999999999,737.6400000000001
faces,2,2,2227,1017.6,754.92
faces,2,2,2294,1115.52,758.16
faces,2,2,2327,1134.72,764.64
faces,2,2,2361,1144.32,770.04
faces,2,2,2428,1153.92,774.36
faces,2,2,2461,1163.52,752.76
faces,2,2,2528,1253.76,519.48
faces,2,2,2594,1259.52,503.28
faces,2,2,2628,1240.32,490.32
faces,2,2,2694,1223.04,484.92
faces,2,2,2728,1215.36,483.84
faces,2,2,2762,1205.76,483.84
faces,2,2,2795,1198.08,486.0
faces,2,2,2828,1190.4,486.0
faces,2,2,2861,1184.64,481.68
faces,2,2,2895,1184.64,479.52
faces,2,2,2929,1182.72,476.28
faces,2,2,2994,1182.72,473.04
faces,2,2,3028,1176.96,481.68
faces,2,2,3061,1150.08,508.68
faces,2,2,3094,1067.52,635.04
faces,2,2,3128,1061.76,651.24
faces,2,2,3162,1048.3200000000002,665.28
faces,2,2,3196,1044.48,671.76
faces,2,2,3229,1048.3200000000002,675.0
faces,2,2,3296,1050.24,679.32
faces,2,2,3361,1059.84,658.8
faces,2,2,3395,1077.12,626.4
faces,2,2,3462,1092.48,606.96
faces,2,2,3495,1102.08,594.0
faces,2,2,3529,1113.6,581.0400000000001
faces,2,2,3595,1121.28,570.24
faces,2,2,3630,1104.0,509.76
faces,2,2,3696,946.56,467.64
faces,2,2,3762,912.0,464.4
faces,2,2,3795,890.88,463.32
faces,2,2,3862,981.12,520.56
faces,2,2,3896,1136.64,624.24
faces,2,2,3963,1148.16,655.56
faces,2,2,3996,1152.0,669.6
faces,2,2,4063,1153.92,677.16
faces,2,2,4096,1167.36,652.3199999999999
faces,2,2,4164,1180.8,611.28
faces,2,2,4229,1224.96,927.72
faces,2,2,4296,1257.6,843.48
faces,2,2,4330,1242.24,754.92
faces,2,2,4396,1296.0,778.68
faces,2,2,4430,1342.08,800.28
faces,2,2,4463,1347.84,829.44
faces,2,2,4497,1274.88,830.52
faces,2,2,4529,1092.48,817.5600000000001
faces,2,2,4562,994.56,737.6400000000001
faces,2,2,4596,998.4,686.88
faces,2,2,4663,958.08,555.12
faces,2,2,4697,954.24,527.04
faces,3,3,0,764.1600000000001,460.08
faces,3,3,0,777.6,463.32
faces,3,3,29,850.5600000000001,463.32
faces,3,3,62,1042.5600000000002,447.12
faces,3,3,96,1063.68,438.48
faces,3,3,129,1077.12,434.16
faces,3,3,163,1086.7199999999998,430.92
faces,3,3,197,1092.48,428.7600000000001
faces,3,3,230,1096.32,425.52
faces,3,3,263,1102.08,424.44
faces,3,3,295,1075.2,409.32
faces,3,3,329,1065.6,386.64
faces,3,3,396,1067.52,354.24
faces,3,3,429,1067.52,341.28000000000003
faces,3,3,463,984.96,289.44
faces,3,3,498,950.4,274.32
faces,3,3,563,869.76,268.92
faces,3,3,597,864.0,265.68
faces,3,3,630,865.9200000000001,262.44
faces,3,3,696,881.2800000000001,259.2
faces,3,3,729,936.96,250.56
faces,3,3,763,1080.9599999999998,225.72
faces,3,3,830,1071.36,230.04
faces,3,3,863,1069.44,233.28
faces,3,3,930,1140.48,417.96
faces,3,3,964,1175.04,441.72
faces,3,3,997,1173.12,451.44
faces,3,3,1046,1161.6,461.16
faces,3,3,1096,1150.08,468.72
faces,3,3,1129,1121.28,474.12
faces,3,3,1164,877.44,509.76
faces,3,3,1230,856.32,514.0799999999999
faces,3,3,1298,842.88,518.4
faces,3,3,1330,808.3199999999999,542.16
faces,3,3,1364,783.3599999999999,622.0799999999999
faces,3,3,1398,771.84,681.48
faces,3,3,1463,783.3599999999999,733.32
faces,3,3,1530,796.8,745.1999999999999
faces,3,3,1564,794.88,751.68
faces,3,3,1597,804.48,763.56
faces,3,3,1630,856.32,786.24
faces,3,3,1664,940.8,803.52
faces,3,3,1698,1006.08,805.68
faces,3,3,1731,1029.12,808.92
faces,3,3,1766,1038.72,812.16
faces,3,3,1798,1042.5600000000002,816.48
faces,3,3,1831,1044.48,818.64
faces,3,3,1863,1048.3200000000002,820.8
faces,3,3,1897,1029.12,784.0799999999999
faces,3,3,1931,990.72,752.76
faces,3,3,1964,852.48,611.28
faces,3,3,1997,833.28,594.0
faces,3,3,2031,821.76,585.36
faces,3,3,2064,808.3199999999999,582.12
faces,3,3,2098,804.48,581.0400000000001
faces,3,3,2132,800.64,576.72
faces,3,3,2165,796.8,575.64
faces,3,3,2199,794.88,573.48
faces,3,3,2264,791.04,569.1600000000001
faces,3,3,2298,766.08,563.76
faces,3,3,2331,764.1600000000001,560.52
faces,3,3,2364,762.24,559.44
faces,3,3,2398,758.4000000000001,559.44
faces,3,3,2432,750.72,559.44
faces,3,3,2465,743.04,559.44
faces,3,3,2498,735.36,558.36
faces,3,3,2531,727.6800000000001,558.36
faces,3,3,2565,723.84,558.36
faces,3,3,2599,721.92,557.28
faces,3,3,2631,720.0,557.28
faces,3,3,2665,721.92,557.28
faces,3,3,2698,723.84,557.28
faces,3,3,2731,727.6800000000001,556.2
faces,3,3,2765,731.52,556.2
faces,3,3,2798,737.28,556.2
faces,3,3,2865,896.6400000000001,838.08
faces,3,3,2899,1157.76,947.16
faces,3,3,2965,1192.32,970.92
faces,3,3,2999,1169.28,978.48
faces,3,3,3031,944.64,937.44
faces,3,3,3098,814.0799999999999,747.3599999999999
faces,3,3,3132,810.24,719.2800000000001
faces,3,3,3165,810.24,707.4
faces,3,3,3232,800.64,690.12
faces,3,3,3266,794.88,670.68
faces,3,3,3333,787.1999999999999,656.64
faces,3,3,3365,783.3599999999999,645.8399999999999
faces,3,3,3432,777.6,632.88
faces,3,3,3465,771.84,614.52
faces,3,3,3499,766.08,605.8800000000001
faces,3,3,3565,762.24,598.32
faces,3,3,3599,760.32,591.84
faces,3,3,3633,758.4000000000001,587.5200000000001
faces,3,3,3700,758.4000000000001,584.2800000000001
faces,3,3,3733,758.4000000000001,577.8000000000001
faces,3,3,3801,758.4000000000001,568.08
faces,3,3,3866,760.32,563.76
faces,3,3,3899,762.24,558.36
faces,3,3,3932,764.1600000000001,556.2
faces,3,3,3966,766.08,550.8
faces,3,3,4000,768.0,547.5600000000001
faces,3,3,4033,768.0,545.4
faces,3,3,4067,766.08,543.24
faces,3,3,4100,768.0,540.0
faces,3,3,4133,769.9200000000001,536.76
faces,3,3,4167,771.84,534.6
faces,3,3,4199,771.84,533.52
faces,3,3,4232,773.76,533.52
faces,3,3,4266,775.6800000000001,532.4399999999999
faces,3,3,4299,777.6,530.28
faces,3,3,4333,775.6800000000001,529.2
faces,3,3,4366,775.6800000000001,527.04
faces,3,3,4400,773.76,524.88
faces,3,3,4433,769.9200000000001,522.72
faces,3,3,4467,766.08,520.56
faces,3,3,4500,764.1600000000001,518.4
faces,3,3,4534,760.32,518.4
faces,3,3,4567,758.4000000000001,516.24
faces,3,3,4600,754.5600000000001,514.0799999999999
faces,3,3,4633,752.64,513.0
faces,3,3,4667,750.72,511.92
faces,4,4,0,773.76,514.0799999999999
faces,4,4,33,927.36,902.88
faces,4,4,66,1034.88,1054.08
faces,4,4,99,1042.5600000000002,1067.04
faces,4,4,166,984.96,1021.68
faces,4,4,200,852.48,910.44
faces,4,4,268,796.8,793.8
faces,4,4,300,787.1999999999999,763.56
faces,4,4,366,781.4399999999999,702.0
faces,4,4,400,771.84,671.76
faces,4,4,433,775.6800000000001,649.0799999999999
faces,4,4,500,777.6,615.5999999999999
faces,4,4,533,769.9200000000001,608.04
faces,4,4,601,1046.4,532.4399999999999
faces,4,4,634,1079.0400000000002,521.64
faces,4,4,667,1092.48,515.16
faces,4,4,734,1092.48,497.88
faces,4,4,766,1100.16,490.32
faces,4,4,833,1125.12,490.32
faces,4,4,867,1127.04,492.48
faces,4,4,900,1127.04,491.4
faces,4,4,967,1134.72,490.32
faces,4,4,1035,1155.84,488.16
faces,4,4,1101,1163.52,492.48
faces,4,4,1134,1163.52,492.48
faces,4,4,1167,1157.76,489.24
faces,4,4,1200,1146.24,488.16
faces,4,4,1267,1098.24,550.8
faces,4,4,1335,1017.6,821.88
faces,4,4,1402,1040.64,852.12
faces,4,4,1568,1071.36,859.6800000000001
faces,4,4,1602,1075.2,870.48
faces,4,4,1802,1042.5600000000002,882.3599999999999
faces,5,5,105,720.0,406.08
faces,5,5,906,1128.96,451.44
faces,5,5,1440,988.8,774.36
faces,5,5,1707,1211.52,828.36
faces,5,5,1806,1201.92,839.1600000000001
faces,5,5,1840,1198.08,854.2800000000001
faces,5,5,1873,1215.36,866.1600000000001
faces,5,5,1907,1242.24,875.8800000000001
faces,5,5,1940,1248.0,881.28
faces,5,5,1990,1236.48,884.52
faces,5,5,2040,1248.0,881.28
faces,5,5,2073,1253.76,879.1199999999999
faces,5,5,2107,1246.08,876.96
faces,5,5,2140,1232.64,873.72
faces,5,5,2173,1230.72,872.6400000000001
faces,5,5,2207,1232.64,869.4000000000001
faces,5,5,2240,1230.72,868.32
faces,5,5,2274,1226.88,865.08
faces,5,5,2307,1221.12,866.1600000000001
faces,5,5,2341,1213.44,864.0
faces,5,5,2391,1207.68,859.6800000000001
faces,5,5,2440,1198.08,858.6
faces,5,5,2473,1201.92,855.36
faces,5,5,2507,1203.84,853.2
faces,5,5,2540,1198.08,867.24
faces,5,5,2574,1226.88,908.28
faces,5,5,2608,1368.96,1034.64
faces,5,5,2641,1390.08,1045.44
faces,5,5,2674,1432.32,1099.44
faces,5,5,2708,1418.88,1118.88
faces,5,5,2757,1378.56,1118.88
faces,5,5,2807,1353.6,1099.44
faces,5,5,2841,1338.24,1084.32
faces,5,5,2874,1330.56,1071.36
faces,5,5,2907,1324.8,1058.4
faces,5,5,2941,1317.12,1047.6
faces,5,5,2974,1315.2,1037.88
faces,5,5,3008,1307.52,1029.24
faces,5,5,3041,1299.84,1021.68
faces,5,5,3075,1269.12,997.92
faces,5,5,3109,1265.28,981.72
faces,5,5,3144,1257.6,975.24
faces,5,5,3207,1244.16,967.68
faces,5,5,3241,1226.88,956.88
faces,5,5,3275,1213.44,948.24
faces,5,5,3308,1194.24,935.28
faces,5,5,3341,1175.04,926.64
faces,5,5,3376,1159.68,919.08
faces,5,5,3409,1146.24,912.6
faces,5,5,3442,1132.8,907.2
faces,5,5,3478,1130.88,902.88
faces,5,5,3559,1128.96,893.16
faces,5,5,3610,1134.72,888.8399999999999
faces,5,5,3642,1138.56,888.8399999999999
faces,5,5,3675,1138.56,887.76
faces,5,5,3709,1134.72,883.4399999999999
faces,5,5,3742,1132.8,878.04
faces,5,5,3776,1128.96,876.96
faces,5,5,3810,1125.12,873.72
faces,5,5,3843,1123.1999999999998,872.6400000000001
faces,5,5,3877,1123.1999999999998,870.48
faces,5,5,3926,1132.8,867.24
faces,5,5,3975,1136.64,867.24
faces,5,5,4009,1142.4,867.24
faces,5,5,4042,1146.24,867.24
faces,5,5,4076,1150.08,869.4000000000001
faces,5,5,4109,1152.0,870.48
faces,5,5,4143,1153.92,872.6400000000001
faces,5,5,4176,1153.92,873.72
faces,5,5,4210,1152.0,874.8000000000001
faces,5,5,4243,1148.16,875.8800000000001
faces,5,5,4277,1142.4,876.96
faces,5,5,4327,1136.64,876.96
faces,5,5,4375,1128.96,876.96
faces,5,5,4409,1123.1999999999998,876.96
faces,5,5,4443,1121.28,875.8800000000001
faces,5,5,4476,1115.52,875.8800000000001
faces,5,5,4509,1107.84,873.72
faces,5,5,4543,1104.0,872.6400000000001
faces,5,5,4577,1102.08,871.5600000000001
faces,5,5,4610,1100.16,870.48
faces,5,5,4644,1105.9199999999998,868.32
faces,5,5,4694,1107.84,866.1600000000001
faces,6,6,0,1123.1999999999998,868.32
faces,6,6,0,1125.12,869.4000000000001
faces,6,6,9,1125.12,869.4000000000001
faces,6,6,43,1127.04,870.48
faces,6,6,93,1128.96,871.5600000000001
faces,6,6,142,1127.04,872.6400000000001
faces,6,6,175,1127.04,873.72
faces,6,6,209,1125.12,874.8000000000001
faces,6,6,242,1119.36,876.96
faces,6,6,276,1115.52,876.96
faces,6,6,309,1109.76,876.96
faces,6,6,343,1102.08,875.8800000000001
faces,6,6,377,1094.4,873.72
faces,6,6,410,1088.64,872.6400000000001
faces,6,6,443,1082.88,872.6400000000001
faces,6,6,493,1077.12,871.5600000000001
faces,6,6,543,1086.7199999999998,869.4000000000001
faces,6,6,576,1084.8,866.1600000000001
faces,6,6,609,927.36,708.48
faces,6,6,643,869.76,633.9599999999999
faces,6,6,677,785.28,544.32
faces,6,6,710,773.76,521.64
faces,6,6,744,773.76,510.84
faces,6,6,777,777.6,502.2000000000001
faces,6,6,810,781.4399999999999,497.88
faces,6,6,861,787.1999999999999,509.76
faces,6,6,909,762.24,573.48
faces,6,6,943,714.24,730.08
faces,6,6,976,718.08,738.72
faces,6,6,1010,721.92,749.52
faces,6,6,1043,723.84,753.8399999999999
faces,6,6,1077,723.84,758.16
faces,6,6,1111,725.76,761.4
faces,6,6,1144,921.6,781.92
faces,6,6,1177,946.56,780.8399999999999
faces,6,6,1211,961.92,779.76
faces,6,6,1261,994.56,778.68
faces,6,6,1309,1009.92,778.68
faces,6,6,1343,1023.36,779.76
faces,6,6,1377,1031.04,780.8399999999999
faces,6,6,1410,1040.64,778.68
faces,6,6,1443,1044.48,781.92
faces,6,6,1477,1050.24,784.0799999999999
faces,6,6,1511,1054.0800000000002,785.16
faces,6,6,1545,1046.4,802.4399999999999
faces,6,6,1578,1253.76,1018.44
faces,6,6,1611,1294.0800000000002,1004.4
faces,6,6,1661,1297.92,1018.44
faces,6,6,1710,1271.04,1026.0
faces,6,6,1743,1248.0,1011.96
faces,6,6,1777,1219.2,991.44
faces,6,6,1810,1198.08,976.32
faces,6,6,1844,1134.72,928.8
faces,6,6,1877,1142.4,909.36
faces,6,6,1945,1123.1999999999998,617.76
faces,6,6,1978,1130.88,573.48
faces,6,6,2028,1157.76,530.28
faces,6,6,2062,1150.08,507.6
faces,6,6,2110,1138.56,466.56
faces,6,6,2144,1138.56,454.68
faces,6,6,2211,756.48,409.32
faces,6,6,2245,754.5600000000001,393.12
faces,6,6,2278,756.48,388.8
faces,6,6,2345,764.1600000000001,382.32
faces,6,6,2379,779.5200000000001,381.24
faces,6,6,2429,785.28,378.0
faces,6,6,2462,792.9599999999999,375.84
faces,6,6,2511,819.84,405.0
faces,6,6,2544,912.0,551.88
faces,6,6,2578,927.36,629.64
faces,6,6,2611,927.36,646.92
faces,6,6,2646,925.44,659.88
faces,6,6,2679,925.44,672.84
faces,6,6,2712,921.6,680.4
faces,6,6,2745,919.68,687.96
faces,6,6,2779,912.0,695.52
faces,6,6,2830,900.4799999999999,702.0
faces,6,6,2878,873.6,718.2
faces,6,6,2912,856.32,731.1600000000001
faces,6,6,2945,792.9599999999999,747.3599999999999
faces,6,6,2978,846.72,761.4
faces,6,6,3012,1013.76,798.12
faces,6,6,3045,1084.8,795.96
faces,6,6,3079,1117.4399999999998,788.4
faces,6,6,3113,1138.56,771.12
faces,6,6,3146,1117.4399999999998,764.64
faces,6,6,3196,1136.64,778.68
faces,6,6,3229,1121.28,766.8
faces,6,6,3279,1123.1999999999998,774.36
faces,6,6,3312,1115.52,761.4
faces,6,6,3345,1111.6799999999998,764.64
faces,6,6,3379,1128.96,757.0799999999999
faces,6,6,3412,1138.56,753.8399999999999
faces,6,6,3446,1169.28,716.0400000000001
faces,6,6,3481,1244.16,531.36
faces,6,6,3513,1294.0800000000002,405.0
faces,6,6,3546,1355.52,342.36
faces,6,6,3596,1355.52,341.28000000000003
faces,6,6,3630,1372.8,349.92
faces,6,6,3680,1315.2,363.96
faces,6,6,3714,988.8,392.04
faces,6,6,3746,950.4,380.16
faces,6,6,3779,925.44,358.56
faces,6,6,3812,927.36,351.0
faces,6,6,3846,931.2,347.76
faces,6,6,3881,925.44,341.28000000000003
faces,6,6,3913,929.28,341.28000000000003
faces,6,6,3947,942.72,341.28000000000003
faces,6,6,3997,954.24,333.72
faces,6,6,4046,958.08,333.72
faces,6,6,4080,960.0,331.56
faces,6,6,4146,960.0,332.64
faces,6,6,4180,960.0,332.64
faces,6,6,4247,952.32,330.48
faces,6,6,4280,946.56,326.16
faces,6,6,4314,940.8,327.24
faces,6,6,4364,848.64,548.64
faces,6,6,4398,983.04,706.32
faces,6,6,4446,1125.12,513.0
faces,6,6,4480,1132.8,442.8
faces,6,6,4513,1136.64,406.08
faces,6,6,4548,1140.48,344.52
faces,6,6,4580,1136.64,328.32
faces,6,6,4613,1134.72,315.36
faces,6,6,4648,1138.56,304.55999999999995
faces,6,6,4681,1140.48,295.92
faces,7,7,0,975.36,315.36
faces,7,7,0,950.4,321.84
faces,7,7,13,944.64,319.68
faces,7,7,47,942.72,319.68
faces,7,7,80,927.36,309.96
faces,7,7,113,929.28,313.2
faces,7,7,163,935.04,298.08000000000004
faces,7,7,213,935.04,271.08
faces,7,7,246,927.36,261.36
faces,7,7,280,927.36,254.88
faces,7,7,313,927.36,247.32
faces,7,7,347,921.6,237.6
faces,7,7,380,942.72,231.12
faces,7,7,414,960.0,225.72
faces,7,7,448,992.64,185.76
faces,7,7,481,1004.16,185.76
faces,7,7,531,1009.92,189.0
faces,7,7,564,1011.84,192.24
faces,7,7,615,1077.12,194.4
faces,7,7,647,1094.4,198.72
faces,7,7,680,1104.0,206.28
faces,7,7,714,1169.28,278.64
faces,7,7,747,1198.08,344.52
faces,7,7,780,1213.44,389.88
faces,7,7,815,1215.36,397.44
faces,7,7,848,1213.44,402.84
faces,7,7,882,1161.6,411.48
faces,7,7,932,984.96,442.8
faces,7,7,964,906.24,448.2
faces,7,7,1014,888.96,450.36
faces,7,7,1047,871.6800000000001,452.52
faces,7,7,1080,852.48,454.68
faces,7,7,1114,840.96,459.0
faces,7,7,1147,796.8,505.44000000000005
faces,7,7,1181,737.28,644.76
faces,7,7,1215,743.04,670.68
faces,7,7,1248,746.88,683.64
faces,7,7,1281,746.88,691.2
faces,7,7,1331,746.88,697.6800000000001
faces,7,7,1365,756.48,704.1600000000001
faces,7,7,1413,1019.52,737.6400000000001
faces,7,7,1447,1034.88,738.72
faces,7,7,1481,1050.24,748.4399999999999
faces,7,7,1514,1067.52,756.0
faces,7,7,1547,1077.12,762.4799999999999
faces,7,7,1581,1084.8,767.88
faces,7,7,1616,1090.56,770.04
faces,7,7,1649,1096.32,774.36
faces,7,7,1699,1098.24,778.68
faces,7,7,1732,1094.4,779.76
faces,7,7,1814,1121.28,759.24
faces,7,7,1848,1188.48,622.0799999999999
faces,7,7,1882,1230.72,524.88
faces,7,7,1915,1246.08,513.0
faces,7,7,1949,1244.16,506.52
faces,7,7,1982,1244.16,504.36
faces,7,7,2015,1246.08,502.2000000000001
faces,7,7,2049,1246.08,502.2000000000001
faces,7,7,2099,1244.16,503.28
faces,7,7,2133,1246.08,503.28
faces,7,7,2181,996.48,491.4
faces,7,7,2215,963.84,495.72
faces,7,7,2248,946.56,498.96
faces,7,7,2282,931.2,497.88
faces,7,7,2315,923.52,497.88
faces,7,7,2348,913.92,496.8
faces,7,7,2383,906.24,494.64
faces,7,7,2416,902.4,494.64
faces,7,7,2467,898.5600000000001,494.64
faces,7,7,2532,896.6400000000001,493.56
faces,7,7,2582,898.5600000000001,492.48
faces,7,7,2616,904.32,492.48
faces,7,7,2649,912.0,493.56
faces,7,7,2683,917.76,493.56
faces,7,7,2715,921.6,497.88
faces,7,7,2750,915.84,498.96
faces,7,7,2783,908.16,497.88
faces,7,7,2816,894.72,493.56
faces,7,7,2866,892.8000000000001,491.4
faces,7,7,2899,890.88,483.84
faces,7,7,2933,883.2,478.44
faces,7,7,2984,881.2800000000001,474.12
faces,7,7,3016,881.2800000000001,474.12
faces,7,7,3049,881.2800000000001,470.88
faces,7,7,3117,890.88,465.48
faces,7,7,3150,885.12,468.72
faces,7,7,3217,877.44,470.88
faces,7,7,3267,871.6800000000001,469.8
faces,7,7,3300,865.9200000000001,470.88
faces,7,7,3349,862.08,470.88
faces,7,7,3382,862.08,473.04
faces,7,7,3416,860.16,471.96
faces,7,7,3483,860.16,473.04
faces,7,7,3517,862.08,475.2
faces,7,7,3550,864.0,477.36
faces,7,7,3584,856.32,533.52
faces,7,7,3634,1048.3200000000002,927.72
faces,7,7,3667,1224.96,891.0
faces,7,7,3700,1205.76,934.2
faces,7,7,3750,885.12,828.36
faces,7,7,3783,871.6800000000001,776.52
faces,7,7,3817,887.0400000000001,722.5200000000001
faces,7,7,3850,904.32,656.64
faces,7,7,3883,900.4799999999999,635.04
faces,7,7,3916,902.4,621.0
faces,7,7,3951,910.08,590.76
faces,7,7,3984,912.0,581.0400000000001
faces,7,7,4034,915.84,574.5600000000001
faces,7,7,4068,917.76,569.1600000000001
faces,7,7,4101,917.76,563.76
faces,7,7,4150,915.84,559.44
faces,7,7,4184,913.92,556.2
faces,7,7,4217,963.84,547.5600000000001
faces,7,7,4250,1008.0,527.04
faces,7,7,4284,1119.36,515.16
faces,7,7,4318,1140.48,516.24
faces,7,7,4351,1150.08,519.48
faces,7,7,4384,1152.0,523.8
faces,7,7,4435,1150.08,524.88
faces,7,7,4468,1104.0,521.64
faces,7,7,4517,1057.92,513.0
faces,7,7,4584,927.36,501.12
faces,7,7,4617,923.52,514.0799999999999
faces,7,7,4651,923.52,515.16
faces,8,8,0,833.28,457.92
faces,8,8,0,833.28,461.16
faces,8,8,17,829.4399999999999,466.56
faces,8,8,50,825.6,470.88
faces,8,8,84,825.6,470.88
faces,8,8,117,829.4399999999999,464.4
faces,8,8,151,827.52,459.0
faces,8,8,201,837.12,453.6
faces,8,8,235,848.64,459.0
faces,8,8,268,842.88,464.4
faces,8,8,317,831.36,457.92
faces,8,8,351,846.72,443.88
faces,8,8,384,862.08,426.6
faces,8,8,417,1004.16,327.24
faces,8,8,450,1286.4,278.64
faces,8,8,518,1320.9599999999998,255.96
faces,8,8,552,1317.12,255.96
faces,8,8,601,1326.7199999999998,260.28
faces,8,8,635,1334.4,270.0
faces,8,8,684,1328.64,275.4
faces,8,8,717,1286.4,286.2
faces,8,8,751,1286.4,297.0
faces,8,8,784,1276.8000000000002,295.92
faces,8,8,817,1248.0,306.72
faces,8,8,853,1165.44,311.04
faces,8,8,885,1184.64,317.52
faces,8,8,918,1094.4,322.92
faces,8,8,969,1040.64,317.52
faces,8,8,1002,1021.44,326.16
faces,8,8,1035,1025.28,351.0
faces,8,8,1084,946.56,380.16
faces,8,8,1118,913.92,407.16
faces,8,8,1184,823.68,452.52
faces,8,8,1218,816.0,453.6
faces,8,8,1251,800.64,449.28
faces,8,8,1285,754.5600000000001,450.36
faces,8,8,1319,721.92,448.2
faces,8,8,1369,706.56,451.44
faces,8,8,1402,700.8,453.6
faces,8,8,1451,476.16,488.16
faces,8,8,1519,522.24,466.56
faces,8,8,1552,616.32,463.32
faces,8,8,1585,599.04,475.2
faces,8,8,1618,643.2,471.96
faces,8,8,1686,645.12,488.16
faces,8,8,1719,637.44,491.4
faces,8,8,1770,620.16,494.64
faces,8,8,1802,597.12,502.2000000000001
faces,8,8,1836,589.4399999999999,588.6
faces,8,8,1885,685.4399999999999,727.9200000000001
faces,8,8,1952,787.1999999999999,743.04
faces,8,8,1985,1284.48,468.72
faces,8,8,2053,1802.88,319.68
faces,8,8,2086,1246.08,513.0
faces,8,8,2136,1814.4,438.48
faces,8,8,2203,1920.0,214.92
faces,8,8,2253,1923.84,21.6
faces,8,8,2286,1925.76,59.4
faces,8,8,2352,1772.16,318.6
faces,8,8,2385,1104.0,518.4
faces,8,8,2419,892.8000000000001,547.5600000000001
faces,8,8,2486,921.6,497.88
faces,8,8,2536,856.32,507.6
faces,8,8,2569,766.08,289.44
faces,8,8,2603,848.64,450.36
faces,8,8,2652,1077.12,581.0400000000001
faces,8,8,2687,1845.12,66.96
faces,8,8,3338,357.12,151.20000000000002
faces,8,8,3371,401.28,208.44
faces,8,8,3420,439.68,190.08
faces,8,8,3453,424.32,225.72
faces,8,8,3487,441.6,214.92
faces,8,8,3520,441.6,218.16000000000005
faces,8,8,3553,441.6,226.8
faces,8,8,3587,447.36,223.56
faces,8,8,3621,460.8,230.04
faces,8,8,3655,480.0,233.28
faces,8,8,3704,435.84,222.48
faces,8,8,3737,433.92,221.4
faces,8,8,3771,412.8,227.88
faces,8,8,3820,468.48,253.8
faces,8,8,3853,480.0,257.04
faces,8,8,3887,478.08,275.4
faces,8,8,3920,528.0,290.52000000000004
faces,8,8,3953,545.28,302.40000000000003
faces,8,8,4021,599.04,379.08
faces,8,8,4071,576.0,520.56
faces,8,8,4104,531.84,600.48
faces,8,8,4138,566.4,610.1999999999999
faces,8,8,4171,587.52,626.4
faces,8,8,4220,577.92,633.9599999999999
faces,8,8,4255,616.32,628.56
faces,8,8,4287,624.0,604.8000000000001
faces,8,8,4320,618.24,592.9200000000001
faces,8,8,4354,693.12,533.52
faces,8,8,4388,693.12,523.8
faces,8,8,4423,720.0,481.68
faces,8,8,4472,796.8,446.04
faces,8,8,4505,821.76,439.56
faces,8,8,4539,950.4,125.28
faces,8,8,4587,693.12,227.88
faces,8,8,4621,739.2,190.08
faces,8,8,4655,804.48,106.92
faces,9,9,0,1063.68,222.48
faces,9,9,21,520.32,623.16
faces,9,9,54,591.36,603.72
faces,9,9,87,514.5600000000001,660.96
faces,9,9,121,508.8,675.0
faces,9,9,154,524.1600000000001,676.08
faces,9,9,189,570.24,666.36
faces,9,9,238,620.16,662.04
faces,9,9,272,627.84,655.56
faces,9,9,305,737.28,544.32
faces,9,9,338,831.36,400.68
faces,9,9,388,936.96,344.52
faces,9,9,421,819.84,186.84
faces,9,9,455,779.5200000000001,173.88
faces,9,9,521,581.76,139.32
faces,9,9,555,620.16,127.44
faces,9,9,589,574.0799999999999,101.52
faces,9,9,639,493.44,0.0
faces,9,9,673,466.56,-1.08
faces,9,9,705,489.6,7.56
faces,9,9,739,487.68,15.12
faces,9,9,788,524.1600000000001,18.360000000000003
faces,9,9,822,528.0,86.4
faces,9,9,855,545.28,245.16
faces,9,9,888,524.1600000000001,250.56
faces,9,9,922,512.64,245.16
faces,9,9,956,487.68,245.16
faces,9,9,989,443.52,264.6
faces,9,9,1039,405.12,285.12
faces,9,9,1073,721.92,430.92
faces,9,9,1106,804.48,452.52
faces,9,9,1155,833.28,419.04
faces,9,9,1222,848.64,415.8
faces,9,9,1256,902.4,408.24
faces,9,9,1288,942.72,366.12
faces,9,9,1322,958.08,367.2000000000001
faces,9,9,1356,1038.72,367.2000000000001
faces,9,9,1407,1092.48,420.12
faces,9,9,1440,1084.8,439.56
faces,9,9,1473,1011.84,386.64
faces,9,9,1507,975.36,368.28
faces,9,9,1556,817.92,303.48
faces,9,9,1589,806.4,281.88
faces,9,9,1622,792.9599999999999,272.16
faces,9,9,1656,792.9599999999999,260.28
faces,9,9,1689,791.04,247.32
faces,9,9,1722,1052.16,192.24
faces,9,9,1756,1073.2800000000002,178.20000000000002
faces,9,9,1806,1077.12,166.32
faces,9,9,1840,1075.2,154.44
faces,9,9,1873,1067.52,144.72
faces,9,9,1907,1052.16,132.84
faces,9,9,1956,1052.16,119.88
faces,9,9,1989,1019.52,119.88
faces,9,9,2023,996.48,119.88
faces,9,9,2056,952.32,100.44
faces,9,9,2090,927.36,100.44
faces,9,9,2124,873.6,112.32
faces,9,9,2157,819.84,162.0
faces,9,9,2208,685.4399999999999,290.52000000000004
faces,9,9,2241,714.24,311.04
faces,9,9,2273,731.52,322.92
faces,9,9,2323,760.32,342.36
faces,9,9,2356,823.68,382.32
faces,9,9,2391,860.16,411.48
faces,9,9,2457,919.68,422.28
faces,9,9,2490,958.08,435.24
faces,9,9,2524,990.72,432.0
faces,9,9,2574,1042.5600000000002,438.48
faces,9,9,2607,1048.3200000000002,447.12
faces,9,9,2641,1061.76,453.6
faces,9,9,2674,1057.92,483.84
faces,9,9,2723,1059.84,469.8
faces,9,9,2757,1059.84,466.56
faces,9,9,2790,1061.76,464.4
faces,9,9,2823,1061.76,462.24
faces,9,9,2857,1061.76,457.92
faces,9,9,2891,1065.6,455.76
faces,9,9,2925,1067.52,453.6
faces,9,9,2975,1071.36,452.52
faces,9,9,3008,1075.2,453.6
faces,9,9,3041,1079.0400000000002,453.6
faces,9,9,3075,1077.12,453.6
faces,9,9,3124,1073.2800000000002,454.68
faces,9,9,3157,1032.96,475.2
faces,9,9,3190,1002.24,723.6
faces,9,9,3224,1046.4,740.8800000000001
faces,9,9,3257,1063.68,762.4799999999999
faces,9,9,3291,1079.0400000000002,845.64
faces,9,9,3325,1071.36,855.36
faces,9,9,3375,1063.68,854.2800000000001
faces,9,9,3409,1077.12,826.2
faces,9,9,3476,1050.24,804.6
faces,9,9,3525,1029.12,770.04
faces,9,9,3558,1013.76,746.28
faces,9,9,3591,950.4,650.16
faces,9,9,3624,923.52,612.3599999999999
faces,9,9,3658,923.52,600.48
faces,9,9,3692,925.44,594.0
faces,9,9,3742,837.12,555.12
faces,9,9,3775,729.6,525.96
faces,9,9,3810,720.0,524.88
faces,9,9,3842,708.48,521.64
faces,9,9,3891,710.4,518.4
faces,9,9,3924,714.24,511.92
faces,9,9,3958,721.92,504.36
faces,9,9,3991,748.8000000000001,494.64
faces,9,9,4025,769.9200000000001,502.2000000000001
faces,9,9,4058,787.1999999999999,505.44000000000005
faces,9,9,4093,800.64,509.76
faces,9,9,4143,814.0799999999999,509.76
faces,9,9,4176,869.76,507.6
faces,9,9,4209,871.6800000000001,508.68
faces,9,9,4258,873.6,509.76
faces,9,9,4291,892.8000000000001,510.84
faces,9,9,4325,900.4799999999999,508.68
faces,9,9,4359,913.92,506.52
faces,9,9,4425,931.2,508.68
faces,9,9,4459,942.72,509.76
faces,9,9,4492,954.24,511.92
faces,9,9,4543,960.0,513.0
faces,9,9,4577,965.76,513.0
faces,9,9,4610,958.08,504.36
faces,9,9,4643,950.4,493.56
faces,9,9,4692,940.8,482.76
